,ARRIVAL DATE,ARRIVAL TIME (if avail),TERMINAL,SHIP NAME,LAST PORT OF CALL (if avail),PRODUCT TYPE - OIL,"PRODUCT AMOUNT - OIL, Incoming (Multiply metric tons by 7.5 for approx bbls)","PRODUCT AMOUNT - OIL, Outgoing",RUNNING TOTAL,PRODUCT TYPE - NON-OIL,"PRODUCT AMOUNT - NON OIL, Incoming","PRODUCT AMOUNT - NON OIL, Outgoing",Running Total (Specify units),Year,Month,Day
0,2020-01-02,,Citgo,New England,St.John,23 - Unleaded Gasoline,80000.0,0.0,80000.0,,,,,2020,1,2
1,2020-01-02,,Citgo,New England,St.John,28 - Premium Unleaded Gasoline,20000.0,0.0,100000.0,,,,,2020,1,2
2,2020-01-02,,Citgo,New England,St.John,29 - Diesel (aka ULSD),22000.0,0.0,122000.0,,,,,2020,1,2
3,2020-01-02,,Citgo,New England,St.John,23 - Unleaded Gasoline,60000.0,0.0,182000.0,,,,,2020,1,2
4,2020-01-02,,Citgo,New England,St.John,23 - Unleaded Gasoline,20000.0,0.0,202000.0,,,,,2020,1,2
5,2020-01-02,,Citgo,New England,St.John,29 - Diesel (aka ULSD),20000.0,0.0,222000.0,,,,,2020,1,2
6,2020-01-05,,Buckeye,Noreaster,St.John,23 - Unleaded Gasoline,10000.0,0.0,232000.0,,,,,2020,1,5
7,2020-01-05,,Buckeye,Noreaster,St.John,23 - Unleaded Gasoline,40000.0,0.0,272000.0,,,,,2020,1,5
8,2020-01-05,,Buckeye,Noreaster,St.John,29 - Diesel (aka ULSD),16000.0,0.0,288000.0,,,,,2020,1,5
9,2020-01-05,,Buckeye,Noreaster,St.John,"02 - #2 Fuel Oil (aka FO, MGO, DMA)",35000.0,0.0,323000.0,,,,,2020,1,5
10,2020-01-06,,Citgo,Noreaster,St.John,29 - Diesel (aka ULSD),35000.0,0.0,358000.0,,,,,2020,1,6
11,2020-01-06,,Citgo,Noreaster,St.John,23 - Unleaded Gasoline,114000.0,0.0,472000.0,,,,,2020,1,6
12,2020-01-06,,Citgo,Noreaster,St.John,"02 - #2 Fuel Oil (aka FO, MGO, DMA)",10000.0,0.0,482000.0,,,,,2020,1,6
13,2020-01-08,,Buckeye,DBL-104,New Jersey,34 - Ethanol (aka E-100),25000.0,0.0,507000.0,,,,,2020,1,8
14,2020-01-09,,Buckeye,RTC-82,New Jersey,"02 - #2 Fuel Oil (aka FO, MGO, DMA)",15000.0,0.0,522000.0,,,,,2020,1,9
15,2020-01-10,,Buckeye,Noreaster,St.John,23 - Unleaded Gasoline,43000.0,0.0,565000.0,,,,,2020,1,10
16,2020-01-10,,Buckeye,Noreaster,St.John,23 - Unleaded Gasoline,20000.0,0.0,585000.0,,,,,2020,1,10
17,2020-01-10,,Buckeye,Noreaster,St.John,29 - Diesel (aka ULSD),25000.0,0.0,610000.0,,,,,2020,1,10
18,2020-01-10,,Buckeye,Noreaster,St.John,"02 - #2 Fuel Oil (aka FO, MGO, DMA)",40000.0,0.0,650000.0,,,,,2020,1,10
19,2020-01-11,,Citgo,Noreaster,St.John,"02 - #2 Fuel Oil (aka FO, MGO, DMA)",40000.0,0.0,690000.0,,,,,2020,1,11
20,2020-01-11,,Citgo,Noreaster,St.John,23 - Unleaded Gasoline,75000.0,0.0,765000.0,,,,,2020,1,11
21,2020-01-11,,Citgo,Noreaster,St.John,29 - Diesel (aka ULSD),20000.0,0.0,785000.0,,,,,2020,1,11
22,2020-01-13,,Gulf,RTC-107,New York,34 - Ethanol (aka E-100),25000.0,0.0,810000.0,,,,,2020,1,13
23,2020-01-13,,Citgo,DBL-104,New York,34 - Ethanol (aka E-100),27000.0,0.0,837000.0,,,,,2020,1,13
24,2020-01-14,,Citgo,Great Eastern ,St.John,23 - Unleaded Gasoline,70000.0,0.0,907000.0,,,,,2020,1,14
25,2020-01-14,,Citgo,Great Eastern ,St.John,23 - Unleaded Gasoline,35000.0,0.0,942000.0,,,,,2020,1,14
26,2020-01-15,,Gulf,DBL-102,New Jersey,29 - Diesel (aka ULSD),80000.0,0.0,1022000.0,,,,,2020,1,15
27,2020-01-15,,Buckeye,DBL-102,New York,"02 - #2 Fuel Oil (aka FO, MGO, DMA)",20000.0,0.0,1042000.0,,,,,2020,1,15
28,2020-01-19,,Gulf,East Coast,St.John,23 - Unleaded Gasoline,10000.0,0.0,1052000.0,,,,,2020,1,19
29,2020-01-20,,Buckeye,East Coast,South Portland,28 - Premium Unleaded Gasoline,8000.0,0.0,1060000.0,,,,,2020,1,20
30,2020-01-20,,Buckeye,East Coast,South Portland,23 - Unleaded Gasoline,40000.0,0.0,1100000.0,,,,,2020,1,20
31,2020-01-20,,Buckeye,East Coast,South Portland,29 - Diesel (aka ULSD),10000.0,0.0,1110000.0,,,,,2020,1,20
32,2020-01-20,,Buckeye,East Coast,South Portland,"02 - #2 Fuel Oil (aka FO, MGO, DMA)",43000.0,0.0,1153000.0,,,,,2020,1,20
33,2020-01-21,,Citgo,East Coast,St.John,23 - Unleaded Gasoline,35000.0,0.0,1188000.0,,,,,2020,1,21
34,2020-01-21,,Citgo,DBL-104,St.John,34 - Ethanol (aka E-100),25000.0,0.0,1213000.0,,,,,2020,1,21
35,2020-01-21,,Citgo,East Coast,St.John,29 - Diesel (aka ULSD),35000.0,0.0,1248000.0,,,,,2020,1,21
36,2020-01-21,,Citgo,East Coast,St.John,23 - Unleaded Gasoline,95000.0,0.0,1343000.0,,,,,2020,1,21
37,2020-01-21,,Citgo,East Coast,St.John,23 - Unleaded Gasoline,24000.0,0.0,1367000.0,,,,,2020,1,21
38,2020-01-22,,Sprague,RTC-109,"Newington, NH",25 - Jet Fuel,20000.0,0.0,1387000.0,,,,,2020,1,22
39,2020-01-22,,Sprague,RTC-109,"Newington, NH",01 - #1 Fuel Oil,20000.0,0.0,1407000.0,,,,,2020,1,22
40,2020-01-23,,Global ,New England,,"02 - #2 Fuel Oil (aka FO, MGO, DMA)",363.0,0.0,1407363.0,,,,,2020,1,23
41,2020-01-24,,Gulf,Hafnia Lise,Canada,29 - Diesel (aka ULSD),50000.0,0.0,1457363.0,,,,,2020,1,24
42,2020-01-24,,Global ,Hafnia Lise,"Portland, Maine","02 - #2 Fuel Oil (aka FO, MGO, DMA)",210000.0,0.0,1667363.0,,,,,2020,1,24
43,2020-01-25,,Gulf,DBL-104,St.John,23 - Unleaded Gasoline,100000.0,0.0,1767363.0,,,,,2020,1,25
44,2020-01-26,,Buckeye,Great Eastern ,St.John,28 - Premium Unleaded Gasoline,50000.0,0.0,1817363.0,,,,,2020,1,26
45,2020-01-26,,Buckeye,Great Eastern ,St.John,"02 - #2 Fuel Oil (aka FO, MGO, DMA)",45000.0,0.0,1862363.0,,,,,2020,1,26
46,2020-01-26,,Buckeye,Great Eastern ,St.John,23 - Unleaded Gasoline,40000.0,0.0,1902363.0,,,,,2020,1,26
47,2020-01-27,,Global ,RTC-108,"Chelsea, MA",01 - #1 Fuel Oil,20000.0,0.0,1922363.0,,,,,2020,1,27
48,2020-01-27,,Citgo,Great Eastern ,St.John,23 - Unleaded Gasoline,100000.0,0.0,2022363.0,,,,,2020,1,27
49,2020-01-27,,Citgo,Great Eastern ,St.John,29 - Diesel (aka ULSD),45000.0,0.0,2067363.0,,,,,2020,1,27
50,2020-01-28,,Global ,New England,,06 - #6 Fuel Oil (aka IFO 380),3501.0,0.0,2070864.0,,,,,2020,1,28
51,2020-01-29,,Citgo,Acadian,St.John,23 - Unleaded Gasoline,100000.0,0.0,2170864.0,,,,,2020,1,29
52,2020-01-29,,Citgo,Acadian,St.John,"02 - #2 Fuel Oil (aka FO, MGO, DMA)",25000.0,0.0,2195864.0,,,,,2020,1,29
53,2020-01-29,,Citgo,Acadian,St.John,29 - Diesel (aka ULSD),15000.0,0.0,2210864.0,,,,,2020,1,29
54,2020-02-01,,Citgo,DBL-104,"Boston, MA",34 - Ethanol (aka E-100),20000.0,0.0,2230864.0,,,,,2020,2,1
55,2020-02-01,,Buckeye,DBL-104,New York,34 - Ethanol (aka E-100),10000.0,0.0,2240864.0,,,,,2020,2,1
56,2020-02-03,,Buckeye,Noreaster,St.John,28 - Premium Unleaded Gasoline,18000.0,0.0,2258864.0,,,,,2020,2,3
57,2020-02-03,,Buckeye,DBL-102,"Perth Amboy, NJ","02 - #2 Fuel Oil (aka FO, MGO, DMA)",15000.0,0.0,2273864.0,,,,,2020,2,3
58,2020-02-03,,Buckeye,Noreaster,St.John,29 - Diesel (aka ULSD),30000.0,0.0,2303864.0,,,,,2020,2,3
59,2020-02-03,,Buckeye,Noreaster,St.John,23 - Unleaded Gasoline,27000.0,0.0,2330864.0,,,,,2020,2,3
60,2020-02-03,,Buckeye,Noreaster,St.John,23 - Unleaded Gasoline,35000.0,0.0,2365864.0,,,,,2020,2,3
61,2020-02-03,,Gulf,DBL-102,New Jersey,29 - Diesel (aka ULSD),60000.0,0.0,2425864.0,,,,,2020,2,3
62,2020-02-04,,Citgo,Noreaster,St.John,23 - Unleaded Gasoline,115000.0,0.0,2540864.0,,,,,2020,2,4
63,2020-02-04,,Citgo,Noreaster,St.John,23 - Unleaded Gasoline,14000.0,0.0,2554864.0,,,,,2020,2,4
64,2020-02-04,,Citgo,Noreaster,St.John,29 - Diesel (aka ULSD),21000.0,0.0,2575864.0,,,,,2020,2,4
65,2020-02-04,,Global ,Tug Cape Lookout,South Portland,"02 - #2 Fuel Oil (aka FO, MGO, DMA)",25000.0,0.0,2600864.0,,,,,2020,2,4
66,2020-02-07,,Citgo,DBL-104,"Providence, RI",34 - Ethanol (aka E-100),17000.0,0.0,2617864.0,,,,,2020,2,7
67,2020-02-08,,Buckeye,Mersini,Come By Chance,"02 - #2 Fuel Oil (aka FO, MGO, DMA)",75000.0,0.0,2692864.0,,,,,2020,2,8
68,2020-02-09,,Citgo,Cape Gaui,St.John,29 - Diesel (aka ULSD),32000.0,0.0,2724864.0,,,,,2020,2,9
69,2020-02-09,,Citgo,Cape Gaui,St.John,23 - Unleaded Gasoline,60000.0,0.0,2784864.0,,,,,2020,2,9
70,2020-02-10,,Buckeye,Cape Gavi,,23 - Unleaded Gasoline,33000.0,0.0,2817864.0,,,,,2020,2,10
71,2020-02-11,,Global ,New England,,"02 - #2 Fuel Oil (aka FO, MGO, DMA)",1452.0,0.0,2819316.0,,,,,2020,2,11
72,2020-02-12,,Buckeye,New England,St.John,23 - Unleaded Gasoline,10000.0,0.0,2829316.0,,,,,2020,2,12
73,2020-02-12,,Buckeye,New England,St.John,23 - Unleaded Gasoline,50000.0,0.0,2879316.0,,,,,2020,2,12
74,2020-02-12,,Buckeye,New England,St.John,29 - Diesel (aka ULSD),42000.0,0.0,2921316.0,,,,,2020,2,12
75,2020-02-12,,Buckeye,New England,St.John,"02 - #2 Fuel Oil (aka FO, MGO, DMA)",50000.0,0.0,2971316.0,,,,,2020,2,12
76,2020-02-14,,Citgo,Great Eastern ,St.John,23 - Unleaded Gasoline,113000.0,0.0,3084316.0,,,,,2020,2,14
77,2020-02-14,,Buckeye,Great Eastern ,St.John,23 - Unleaded Gasoline,10000.0,0.0,3094316.0,,,,,2020,2,14
78,2020-02-14,,Buckeye,Great Eastern ,St.John,23 - Unleaded Gasoline,50000.0,0.0,3144316.0,,,,,2020,2,14
79,2020-02-14,,Buckeye,Great Eastern ,St.John,29 - Diesel (aka ULSD),42000.0,0.0,3186316.0,,,,,2020,2,14
80,2020-02-14,,Buckeye,Great Eastern ,St.John,"02 - #2 Fuel Oil (aka FO, MGO, DMA)",50000.0,0.0,3236316.0,,,,,2020,2,14
81,2020-02-18,,Buckeye,East Coast,St.John,"02 - #2 Fuel Oil (aka FO, MGO, DMA)",55000.0,0.0,3291316.0,,,,,2020,2,18
82,2020-02-18,,Buckeye,East Coast,St.John,29 - Diesel (aka ULSD),20000.0,0.0,3311316.0,,,,,2020,2,18
83,2020-02-18,,Buckeye,East Coast,St.John,23 - Unleaded Gasoline,28000.0,0.0,3339316.0,,,,,2020,2,18
84,2020-02-18,,Citgo,East Coast,St.John,23 - Unleaded Gasoline,90000.0,0.0,3429316.0,,,,,2020,2,18
85,2020-02-18,,Citgo,East Coast,St.John,29 - Diesel (aka ULSD),22000.0,0.0,3451316.0,,,,,2020,2,18
86,2020-02-18,,Buckeye,East Coast,St.John,23 - Unleaded Gasoline,55000.0,0.0,3506316.0,,,,,2020,2,18
87,2020-02-19,,Global ,New England,,"02 - #2 Fuel Oil (aka FO, MGO, DMA)",2904.0,0.0,3509220.0,,,,,2020,2,19
88,2020-02-19,,Global ,New England,,06 - #6 Fuel Oil (aka IFO 380),955.0,0.0,3510175.0,,,,,2020,2,19
89,2020-02-20,,Citgo,Tug Philadelphia,New York,34 - Ethanol (aka E-100),20000.0,0.0,3530175.0,,,,,2020,2,20
90,2020-02-22,,Buckeye,New England,"Portsmouth, NH",29 - Diesel (aka ULSD),38000.0,0.0,3568175.0,,,,,2020,2,22
91,2020-02-22,,Global ,Long Island,"Bayonne, New Jersey",06 - #6 Fuel Oil (aka IFO 380),25000.0,0.0,3593175.0,,,,,2020,2,22
92,2020-02-22,,Buckeye,New England,"Portsmouth, NH",28 - Premium Unleaded Gasoline,20000.0,0.0,3613175.0,,,,,2020,2,22
93,2020-02-22,,Buckeye,New England,"Portsmouth, NH",23 - Unleaded Gasoline,15000.0,0.0,3628175.0,,,,,2020,2,22
94,2020-02-23,,Citgo,New England,"Portsmouth, NH",28 - Premium Unleaded Gasoline,22000.0,0.0,3650175.0,,,,,2020,2,23
95,2020-02-23,,Citgo,New England,"Portsmouth, NH",23 - Unleaded Gasoline,75000.0,0.0,3725175.0,,,,,2020,2,23
96,2020-02-26,,Citgo,DBL-104,New York,34 - Ethanol (aka E-100),20000.0,0.0,3745175.0,,,,,2020,2,26
97,2020-02-27,,Global ,Star River,"Tarragona, Spain",41 - Asphalt,6428.0,0.0,3751603.0,,,,,2020,2,27
98,2020-02-27,,Global ,New England,,"02 - #2 Fuel Oil (aka FO, MGO, DMA)",653.0,0.0,3752256.0,,,,,2020,2,27
99,2020-02-28,,Citgo,Iver Prosperity,St.John,23 - Unleaded Gasoline,115000.0,0.0,3867256.0,,,,,2020,2,28
100,2020-02-29,,Gulf,DBL-103,"Bayonne, New Jersey",29 - Diesel (aka ULSD),100000.0,0.0,3967256.0,,,,,2020,2,29
101,2020-02-29,,Sprague,Palanca Rio,St.John,41 - Asphalt,91500.0,0.0,4058756.0,,,,,2020,2,29
102,2020-03-03,,Buckeye,Noreaster,St.John,29 - Diesel (aka ULSD),43000.0,0.0,4101756.0,,,,,2020,3,3
103,2020-03-03,,Buckeye,Noreaster,St.John,23 - Unleaded Gasoline,10000.0,0.0,4111756.0,,,,,2020,3,3
104,2020-03-03,,Buckeye,Noreaster,St.John,"02 - #2 Fuel Oil (aka FO, MGO, DMA)",11733.0,0.0,4123489.0,,,,,2020,3,3
105,2020-03-03,,Citgo,Noreaster,St.John,"02 - #2 Fuel Oil (aka FO, MGO, DMA)",20000.0,0.0,4143489.0,,,,,2020,3,3
106,2020-03-03,,Citgo,Noreaster,St.John,23 - Unleaded Gasoline,80000.0,0.0,4223489.0,,,,,2020,3,3
107,2020-03-03,,Citgo,Noreaster,St.John,29 - Diesel (aka ULSD),10000.0,0.0,4233489.0,,,,,2020,3,3
108,2020-03-06,,Citgo,DBL-104,St.John,34 - Ethanol (aka E-100),17000.0,0.0,4250489.0,,,,,2020,3,6
109,2020-03-06,,Global ,New England,"Portland, Maine","02 - #2 Fuel Oil (aka FO, MGO, DMA)",0.0,835.0,4249654.0,,,,835.0,2020,3,6
110,2020-03-06,,Global ,New England,"Portland, Maine",06 - #6 Fuel Oil (aka IFO 380),0.0,1694.0,4247960.0,,,,1694.0,2020,3,6
111,2020-03-08,,Buckeye,Iver Prosperity,St.John,28 - Premium Unleaded Gasoline,8000.0,0.0,4255960.0,,,,,2020,3,8
112,2020-03-08,,Buckeye,Iver Prosperity,St.John,23 - Unleaded Gasoline,25000.0,0.0,4280960.0,,,,,2020,3,8
113,2020-03-08,,Buckeye,Iver Prosperity,St.John,29 - Diesel (aka ULSD),20000.0,0.0,4300960.0,,,,,2020,3,8
114,2020-03-08,,Buckeye,Iver Prosperity,St.John,"02 - #2 Fuel Oil (aka FO, MGO, DMA)",35000.0,0.0,4335960.0,,,,,2020,3,8
115,2020-03-09,,Citgo,Iver Prosperity,St.John,"02 - #2 Fuel Oil (aka FO, MGO, DMA)",9000.0,0.0,4344960.0,,,,,2020,3,9
116,2020-03-09,,Citgo,Iver Prosperity,St.John,23 - Unleaded Gasoline,113000.0,0.0,4457960.0,,,,,2020,3,9
117,2020-03-09,,Citgo,Iver Prosperity,St.John,28 - Premium Unleaded Gasoline,20000.0,0.0,4477960.0,,,,,2020,3,9
118,2020-03-09,,Citgo,Iver Prosperity,St.John,29 - Diesel (aka ULSD),27000.0,0.0,4504960.0,,,,,2020,3,9
119,2020-03-14,,Gulf,DBL-102,"Perth Amboy, NJ",23 - Unleaded Gasoline,100000.0,0.0,4604960.0,,,,,2020,3,14
120,2020-03-15,,Buckeye,DBL-103,New York,"02 - #2 Fuel Oil (aka FO, MGO, DMA)",10000.0,0.0,4614960.0,,,,,2020,3,15
121,2020-03-16,,Gulf,DBL-103,"Bayonne, New Jersey",29 - Diesel (aka ULSD),90000.0,0.0,4704960.0,,,,,2020,3,16
122,2020-03-17,,Buckeye,Cape Gavi,St.John,23 - Unleaded Gasoline,35000.0,0.0,4739960.0,,,,,2020,3,17
123,2020-03-17,,Buckeye,Cape Gavi,St.John,29 - Diesel (aka ULSD),32000.0,0.0,4771960.0,,,,,2020,3,17
124,2020-03-17,,Buckeye,Cape Gavi,St.John,"02 - #2 Fuel Oil (aka FO, MGO, DMA)",38000.0,0.0,4809960.0,,,,,2020,3,17
125,2020-03-18,,Citgo,Cape Gavi,St.John,23 - Unleaded Gasoline,150000.0,0.0,4959960.0,,,,,2020,3,18
126,2020-03-18,,Citgo,Cape Gavi,St.John,29 - Diesel (aka ULSD),10000.0,0.0,4969960.0,,,,,2020,3,18
127,2020-03-18,,Citgo,DBL-104,"Boston, MA",34 - Ethanol (aka E-100),10000.0,0.0,4979960.0,,,,,2020,3,18
128,2020-03-19,,Global ,New England,,"02 - #2 Fuel Oil (aka FO, MGO, DMA)",218.0,0.0,4980178.0,,,,,2020,3,19
129,2020-03-19,,Global ,New England,,06 - #6 Fuel Oil (aka IFO 380),6775.0,0.0,4986953.0,,,,,2020,3,19
130,2020-03-20,,Global ,RTC-135,"Revere, MA",01 - #1 Fuel Oil,29000.0,0.0,5015953.0,,,,,2020,3,20
131,2020-03-20,,Global ,RTC-135,"Revere, MA","02 - #2 Fuel Oil (aka FO, MGO, DMA)",80000.0,0.0,5095953.0,,,,,2020,3,20
132,2020-03-22,,Gulf,DS-56,New Jersey,25 - Jet Fuel,30000.0,0.0,5125953.0,,,,,2020,3,22
133,2020-03-22,,Buckeye,Noreaster,St.John,28 - Premium Unleaded Gasoline,27000.0,0.0,5152953.0,,,,,2020,3,22
134,2020-03-22,,Buckeye,Noreaster,St.John,23 - Unleaded Gasoline,45000.0,0.0,5197953.0,,,,,2020,3,22
135,2020-03-22,,Buckeye,Noreaster,St.John,29 - Diesel (aka ULSD),26000.0,0.0,5223953.0,,,,,2020,3,22
136,2020-03-22,,Buckeye,Noreaster,St.John,"02 - #2 Fuel Oil (aka FO, MGO, DMA)",38000.0,0.0,5261953.0,,,,,2020,3,22
137,2020-03-23,,Gulf,DS-601,New York,34 - Ethanol (aka E-100),18000.0,0.0,5279953.0,,,,,2020,3,23
138,2020-03-23,,Buckeye,DS-601,St.John,23 - Unleaded Gasoline,10000.0,0.0,5289953.0,,,,,2020,3,23
139,2020-03-27,,Gulf,RTC-85,"Bayonne, New Jersey",29 - Diesel (aka ULSD),40000.0,0.0,5329953.0,,,,,2020,3,27
140,2020-03-28,,Global ,RTC-85,"Portland, Maine","02 - #2 Fuel Oil (aka FO, MGO, DMA)",40000.0,0.0,5369953.0,,,,,2020,3,28
141,2020-03-30,,Buckeye,New England,St.John,"02 - #2 Fuel Oil (aka FO, MGO, DMA)",38000.0,0.0,5407953.0,,,,,2020,3,30
142,2020-03-30,,Buckeye,New England,St.John,29 - Diesel (aka ULSD),24000.0,0.0,5431953.0,,,,,2020,3,30
143,2020-03-30,,Buckeye,New England,St.John,23 - Unleaded Gasoline,40000.0,0.0,5471953.0,,,,,2020,3,30
144,2020-03-30,,Buckeye,New England,St.John,23 - Unleaded Gasoline,75000.0,0.0,5546953.0,,,,,2020,3,30
145,2020-04-02,,Citgo,Great Eastern ,St.John,23 - Unleaded Gasoline,60000.0,0.0,5606953.0,,,,,2020,4,2
146,2020-04-02,,Citgo,Great Eastern ,St.John,"02 - #2 Fuel Oil (aka FO, MGO, DMA)",10000.0,0.0,5616953.0,,,,,2020,4,2
147,2020-04-02,,Citgo,Great Eastern ,St.John,29 - Diesel (aka ULSD),14000.0,0.0,5630953.0,,,,,2020,4,2
148,2020-04-02,,Gulf,Great Eastern ,St.John,23 - Unleaded Gasoline,20000.0,0.0,5650953.0,,,,,2020,4,2
149,2020-04-05,,Buckeye,Cape Gavi,St.John,29 - Diesel (aka ULSD),38000.0,0.0,5688953.0,,,,,2020,4,5
150,2020-04-05,,Buckeye,Cape Gavi,St.John,"02 - #2 Fuel Oil (aka FO, MGO, DMA)",60000.0,0.0,5748953.0,,,,,2020,4,5
151,2020-04-06,,Global ,Long Island,"Bayonne, New Jersey",06 - #6 Fuel Oil (aka IFO 380),25000.0,0.0,5773953.0,,,,,2020,4,6
152,2020-04-07,,Citgo,Cape Gavi,St.John,"02 - #2 Fuel Oil (aka FO, MGO, DMA)",30000.0,0.0,5803953.0,,,,,2020,4,7
153,2020-04-07,,Citgo,Cape Gavi,St.John,29 - Diesel (aka ULSD),45000.0,0.0,5848953.0,,,,,2020,4,7
154,2020-04-08,,Global ,New England,,06 - #6 Fuel Oil (aka IFO 380),2033.0,0.0,5850986.0,,,,,2020,4,8
155,2020-04-08,,Global ,New England,,"02 - #2 Fuel Oil (aka FO, MGO, DMA)",1307.0,0.0,5852293.0,,,,,2020,4,8
156,2020-04-10,,Buckeye,Noreaster,St.John,29 - Diesel (aka ULSD),15000.0,0.0,5867293.0,,,,,2020,4,10
157,2020-04-10,,Buckeye,Noreaster,St.John,"02 - #2 Fuel Oil (aka FO, MGO, DMA)",85000.0,0.0,5952293.0,,,,,2020,4,10
158,2020-04-11,,Citgo,Noreaster,St.John,29 - Diesel (aka ULSD),20000.0,0.0,5972293.0,,,,,2020,4,11
159,2020-04-11,,Buckeye,Cape Gavi,St.John,23 - Unleaded Gasoline,85000.0,0.0,6057293.0,,,,,2020,4,11
160,2020-04-11,,Buckeye,Cape Gavi,St.John,23 - Unleaded Gasoline,50000.0,0.0,6107293.0,,,,,2020,4,11
161,2020-04-11,,Global ,New England,,"02 - #2 Fuel Oil (aka FO, MGO, DMA)",2977.0,0.0,6110270.0,,,,,2020,4,11
162,2020-04-12,,Citgo,Cape Gavi,St.John,23 - Unleaded Gasoline,60000.0,0.0,6170270.0,,,,,2020,4,12
163,2020-04-12,,Citgo,Cape Gavi,St.John,"02 - #2 Fuel Oil (aka FO, MGO, DMA)",10000.0,0.0,6180270.0,,,,,2020,4,12
164,2020-04-12,,Citgo,Cape Gavi,St.John,29 - Diesel (aka ULSD),14000.0,0.0,6194270.0,,,,,2020,4,12
165,2020-04-13,,Buckeye,DBL-104,New York,34 - Ethanol (aka E-100),17000.0,0.0,6211270.0,,,,,2020,4,13
166,2020-04-15,,Global ,New England,"Portland, Maine","02 - #2 Fuel Oil (aka FO, MGO, DMA)",1452.0,0.0,6212722.0,,,,,2020,4,15
167,2020-04-16,,Citgo,DBL-104,"Searsport, Maine",34 - Ethanol (aka E-100),21000.0,0.0,6233722.0,,,,,2020,4,16
168,2020-04-16,,Gulf,DBL-102,New York,23 - Unleaded Gasoline,50000.0,0.0,6283722.0,,,,,2020,4,16
169,2020-04-21,,Global ,Hafnia Lupus,"Cartagena, Spain","02 - #2 Fuel Oil (aka FO, MGO, DMA)",60000.0,0.0,6343722.0,,,,,2020,4,21
170,2020-04-22,,Gulf,Slowman Hermes,Canada,29 - Diesel (aka ULSD),85000.0,0.0,6428722.0,,,,,2020,4,22
171,2020-04-23,,Buckeye,Cape Gavi,St.John,29 - Diesel (aka ULSD),35000.0,0.0,6463722.0,,,,,2020,4,23
172,2020-04-23,,Buckeye,Cape Gavi,St.John,"02 - #2 Fuel Oil (aka FO, MGO, DMA)",35000.0,0.0,6498722.0,,,,,2020,4,23
173,2020-04-24,,Citgo,Cape Gavi,St.John,29 - Diesel (aka ULSD),40000.0,0.0,6538722.0,,,,,2020,4,24
174,2020-04-25,,Buckeye,East Coast,St.John,29 - Diesel (aka ULSD),25000.0,0.0,6563722.0,,,,,2020,4,25
175,2020-04-25,,Buckeye,East Coast,St.John,"02 - #2 Fuel Oil (aka FO, MGO, DMA)",10000.0,0.0,6573722.0,,,,,2020,4,25
176,2020-04-25,,Buckeye,East Coast,St.John,23 - Unleaded Gasoline,16000.0,0.0,6589722.0,,,,,2020,4,25
177,2020-04-25,,Buckeye,East Coast,St.John,23 - Unleaded Gasoline,50000.0,0.0,6639722.0,,,,,2020,4,25
178,2020-04-26,,Buckeye,Iver Prosperity,St.John,23 - Unleaded Gasoline,10000.0,0.0,6649722.0,,,,,2020,4,26
179,2020-04-26,,Buckeye,Iver Prosperity,St.John,23 - Unleaded Gasoline,50000.0,0.0,6699722.0,,,,,2020,4,26
180,2020-04-26,,Buckeye,Iver Prosperity,St.John,29 - Diesel (aka ULSD),35000.0,0.0,6734722.0,,,,,2020,4,26
181,2020-04-26,,Buckeye,Iver Prosperity,St.John,"02 - #2 Fuel Oil (aka FO, MGO, DMA)",15000.0,0.0,6749722.0,,,,,2020,4,26
182,2020-04-27,,Citgo,Iver Prosperity,St.John,23 - Unleaded Gasoline,19000.0,0.0,6768722.0,,,,,2020,4,27
183,2020-04-27,,Citgo,Iver Prosperity,St.John,"02 - #2 Fuel Oil (aka FO, MGO, DMA)",10000.0,0.0,6778722.0,,,,,2020,4,27
184,2020-04-28,,Buckeye,DBL-104,New York,"02 - #2 Fuel Oil (aka FO, MGO, DMA)",12000.0,0.0,6790722.0,,,,,2020,4,28
185,2020-04-29,,Global ,RTC-135,"Perth Amboy, NJ","02 - #2 Fuel Oil (aka FO, MGO, DMA)",23000.0,0.0,6813722.0,,,,,2020,4,29
186,2020-04-29,,Buckeye,DBL-102,New York,28 - Premium Unleaded Gasoline,40000.0,0.0,6853722.0,,,,,2020,4,29
187,2020-04-29,,Global ,RTC-135,"Perth Amboy, NJ",01 - #1 Fuel Oil,60000.0,0.0,6913722.0,,,,,2020,4,29
188,2020-04-30,,Gulf,DBL-102,New York,23 - Unleaded Gasoline,50000.0,0.0,6963722.0,,,,,2020,4,30
189,2020-04-30,,Citgo,DBL-82,New York,28 - Premium Unleaded Gasoline,40000.0,0.0,7003722.0,,,,,2020,4,30
190,2020-05-01,,Buckeye,DBL-102,"Portsmouth, NH",29 - Diesel (aka ULSD),30000.0,0.0,7033722.0,,,,,2020,5,1
191,2020-05-01,,Buckeye,DBL-102,"Portsmouth, NH","02 - #2 Fuel Oil (aka FO, MGO, DMA)",60000.0,0.0,7093722.0,,,,,2020,5,1
192,2020-05-01,,Sprague,Ainazi,"Searsport, Maine","02 - #2 Fuel Oil (aka FO, MGO, DMA)",75000.0,0.0,7168722.0,,,,,2020,5,1
193,2020-05-02,,Citgo,Cape Gavi,St.John,"02 - #2 Fuel Oil (aka FO, MGO, DMA)",15000.0,0.0,7183722.0,,,,,2020,5,2
194,2020-05-02,,Citgo,Cape Gavi,St.John,29 - Diesel (aka ULSD),30000.0,0.0,7213722.0,,,,,2020,5,2
195,2020-05-02,,Global ,New England,"Portland, Maine","02 - #2 Fuel Oil (aka FO, MGO, DMA)",361.0,0.0,7214083.0,,,,,2020,5,2
196,2020-05-02,,Global ,New England,"Portland, Maine",06 - #6 Fuel Oil (aka IFO 380),2033.0,0.0,7216116.0,,,,,2020,5,2
197,2020-05-03,,Buckeye,Great Eastern ,St.John,23 - Unleaded Gasoline,115000.0,0.0,7331116.0,,,,,2020,5,3
198,2020-05-03,,Buckeye,Great Eastern ,St.John,23 - Unleaded Gasoline,58000.0,0.0,7389116.0,,,,,2020,5,3
199,2020-05-04,,Citgo,Great Eastern ,St.John,23 - Unleaded Gasoline,92000.0,0.0,7481116.0,,,,,2020,5,4
200,2020-05-06,,Global ,Amigo,Canada,41 - Asphalt,45000.0,0.0,7526116.0,,,,,2020,5,6
201,2020-05-07,,Gulf,Iver Prosperity,"Portsmouth, NH",29 - Diesel (aka ULSD),45000.0,0.0,7571116.0,,,,,2020,5,7
202,2020-05-07,,Gulf,DBL-103,New Jersey,23 - Unleaded Gasoline,100000.0,0.0,7671116.0,,,,,2020,5,7
203,2020-05-08,,Buckeye,Iver Prosperity,"Portsmouth, NH",29 - Diesel (aka ULSD),15000.0,0.0,7686116.0,,,,,2020,5,8
204,2020-05-08,,Buckeye,Iver Prosperity,"Portsmouth, NH","02 - #2 Fuel Oil (aka FO, MGO, DMA)",30000.0,0.0,7716116.0,,,,,2020,5,8
205,2020-05-11,,Buckeye,Iver Prosperity,St.John,23 - Unleaded Gasoline,45000.0,0.0,7761116.0,,,,,2020,5,11
206,2020-05-11,,Buckeye,Iver Prosperity,St.John,23 - Unleaded Gasoline,48000.0,0.0,7809116.0,,,,,2020,5,11
207,2020-05-11,,Buckeye,Iver Prosperity,St.John,29 - Diesel (aka ULSD),37000.0,0.0,7846116.0,,,,,2020,5,11
208,2020-05-11,,Buckeye,Iver Prosperity,St.John,"02 - #2 Fuel Oil (aka FO, MGO, DMA)",7000.0,0.0,7853116.0,,,,,2020,5,11
209,2020-05-11,,Global ,Ardmore Seamariner,Russia,"02 - #2 Fuel Oil (aka FO, MGO, DMA)",180000.0,0.0,8033116.0,,,,,2020,5,11
210,2020-05-12,,Citgo,DBL-104,"Boston, MA",34 - Ethanol (aka E-100),15000.0,0.0,8048116.0,,,,,2020,5,12
211,2020-05-13,,Citgo,Iver Prosperity,St.John,29 - Diesel (aka ULSD),30000.0,0.0,8078116.0,,,,,2020,5,13
212,2020-05-13,,Citgo,Iver Prosperity,St.John,23 - Unleaded Gasoline,90000.0,0.0,8168116.0,,,,,2020,5,13
213,2020-05-14,,Sprague,Penn 92,St.John,88 - Other,17000.0,0.0,8185116.0,,,,,2020,5,14
214,2020-05-17,,Buckeye,Team Corrido,"New Haven, CT`",23 - Unleaded Gasoline,25000.0,0.0,8210116.0,,,,,2020,5,17
215,2020-05-18,,Citgo,RTC-81,"Boston, MA",28 - Premium Unleaded Gasoline,30000.0,0.0,8240116.0,,,,,2020,5,18
216,2020-05-18,,Gulf,RTC-81,New Jersey,23 - Unleaded Gasoline,9250.0,0.0,8249366.0,,,,,2020,5,18
217,2020-05-18,,Buckeye,Noreaster,St.John,23 - Unleaded Gasoline,32000.0,0.0,8281366.0,,,,,2020,5,18
218,2020-05-18,,Buckeye,Noreaster,St.John,23 - Unleaded Gasoline,45000.0,0.0,8326366.0,,,,,2020,5,18
219,2020-05-18,,Buckeye,Noreaster,St.John,29 - Diesel (aka ULSD),25000.0,0.0,8351366.0,,,,,2020,5,18
220,2020-05-18,,Buckeye,Noreaster,St.John,"02 - #2 Fuel Oil (aka FO, MGO, DMA)",45000.0,0.0,8396366.0,,,,,2020,5,18
221,2020-05-19,,Gulf,RTC-85,New Jersey,29 - Diesel (aka ULSD),70000.0,0.0,8466366.0,,,,,2020,5,19
222,2020-05-19,,Buckeye,Acadian,St.John,"02 - #2 Fuel Oil (aka FO, MGO, DMA)",45000.0,0.0,8511366.0,,,,,2020,5,19
223,2020-05-19,,Buckeye,Acadian,St.John,29 - Diesel (aka ULSD),25000.0,0.0,8536366.0,,,,,2020,5,19
224,2020-05-19,,Buckeye,Acadian,St.John,23 - Unleaded Gasoline,45000.0,0.0,8581366.0,,,,,2020,5,19
225,2020-05-19,,Buckeye,Acadian,St.John,23 - Unleaded Gasoline,32000.0,0.0,8613366.0,,,,,2020,5,19
226,2020-05-19,,Citgo,Acadian,St.John,23 - Unleaded Gasoline,103000.0,0.0,8716366.0,,,,,2020,5,19
227,2020-05-19,,Gulf,Team Corrido,"Milford haven, UK",23 - Unleaded Gasoline,130000.0,0.0,8846366.0,,,,,2020,5,19
228,2020-05-19,,Citgo,Acadian,St.John,"02 - #2 Fuel Oil (aka FO, MGO, DMA)",10000.0,0.0,8856366.0,,,,,2020,5,19
229,2020-05-19,,Buckeye,DBL-102,"Portland, Maine",23 - Unleaded Gasoline,15000.0,0.0,8871366.0,,,,,2020,5,19
230,2020-05-19,,Buckeye,RTC-81,New York,28 - Premium Unleaded Gasoline,40000.0,0.0,8911366.0,,,,,2020,5,19
231,2020-05-19,,Global ,New England,,"02 - #2 Fuel Oil (aka FO, MGO, DMA)",644.0,0.0,8912010.0,,,,,2020,5,19
232,2020-05-22,,Citgo,DBL-104,"Boston, MA",34 - Ethanol (aka E-100),12000.0,0.0,8924010.0,,,,,2020,5,22
233,2020-05-22,,Citgo,DS-601,"Boston, MA",34 - Ethanol (aka E-100),25000.0,0.0,8949010.0,,,,,2020,5,22
234,2020-05-28,,Buckeye,Great Eastern ,St.John,23 - Unleaded Gasoline,55000.0,0.0,9004010.0,,,,,2020,5,28
235,2020-05-28,,Buckeye,Great Eastern ,St.John,23 - Unleaded Gasoline,30000.0,0.0,9034010.0,,,,,2020,5,28
236,2020-05-28,,Citgo,Great Eastern ,St.John,23 - Unleaded Gasoline,85000.0,0.0,9119010.0,,,,,2020,5,28
237,2020-05-28,,Citgo,Great Eastern ,St.John,29 - Diesel (aka ULSD),50000.0,0.0,9169010.0,,,,,2020,5,28
238,2020-05-29,,Buckeye,Great Eastern ,St.John,29 - Diesel (aka ULSD),50000.0,0.0,9219010.0,,,,,2020,5,29
239,2020-05-29,,Global ,Dee 4 Cedar,"Cartagena, Columbia","02 - #2 Fuel Oil (aka FO, MGO, DMA)",85000.0,0.0,9304010.0,,,,,2020,5,29
240,2020-06-01,,Buckeye,RTC-80,"Boston, MA",28 - Premium Unleaded Gasoline,30000.0,0.0,9334010.0,,,,,2020,6,1
241,2020-06-02,,Buckeye,Noreaster,St.John,23 - Unleaded Gasoline,47500.0,0.0,9381510.0,,,,,2020,6,2
242,2020-06-02,,Buckeye,Noreaster,St.John,23 - Unleaded Gasoline,45500.0,0.0,9427010.0,,,,,2020,6,2
243,2020-06-02,,Buckeye,Noreaster,St.John,29 - Diesel (aka ULSD),36000.0,0.0,9463010.0,,,,,2020,6,2
244,2020-06-02,,Buckeye,Noreaster,St.John,"02 - #2 Fuel Oil (aka FO, MGO, DMA)",12000.0,0.0,9475010.0,,,,,2020,6,2
245,2020-06-02,,Buckeye,DBL-104,New York,34 - Ethanol (aka E-100),13000.0,0.0,9488010.0,,,,,2020,6,2
246,2020-06-03,,Sprague,Dee 4 Cedar,"Cartagena, Columbia","02 - #2 Fuel Oil (aka FO, MGO, DMA)",120000.0,0.0,9608010.0,,,,,2020,6,3
247,2020-06-04,,RTC-80,RTC-80,New York,34 - Ethanol (aka E-100),20000.0,0.0,9628010.0,,,,,2020,6,4
248,2020-06-05,,Citgo,Noreaster,St.John,23 - Unleaded Gasoline,108000.0,0.0,9736010.0,,,,,2020,6,5
249,2020-06-05,,Citgo,Great Eastern ,St.John,23 - Unleaded Gasoline,115000.0,0.0,9851010.0,,,,,2020,6,5
250,2020-06-07,,Citgo,DBL-104,New York,34 - Ethanol (aka E-100),15000.0,0.0,9866010.0,,,,,2020,6,7
251,2020-06-07,,Global ,New England,,"02 - #2 Fuel Oil (aka FO, MGO, DMA)",726.0,0.0,9866736.0,,,,,2020,6,7
252,2020-06-07,,Global ,New England,,06 - #6 Fuel Oil (aka IFO 380),2033.0,0.0,9868769.0,,,,,2020,6,7
253,2020-06-10,,Citgo,Iver Prosperity,St.John,23 - Unleaded Gasoline,122000.0,0.0,9990769.0,,,,,2020,6,10
254,2020-06-10,,Citgo,Iver Prosperity,St.John,29 - Diesel (aka ULSD),15000.0,0.0,10005769.0,,,,,2020,6,10
255,2020-06-10,,Buckeye,Iver Prosperity,St.John,23 - Unleaded Gasoline,47000.0,0.0,10052769.0,,,,,2020,6,10
256,2020-06-10,,Buckeye,Iver Prosperity,St.John,23 - Unleaded Gasoline,40000.0,0.0,10092769.0,,,,,2020,6,10
257,2020-06-10,,Buckeye,Iver Prosperity,St.John,29 - Diesel (aka ULSD),26000.0,0.0,10118769.0,,,,,2020,6,10
258,2020-06-10,,Buckeye,Iver Prosperity,St.John,"02 - #2 Fuel Oil (aka FO, MGO, DMA)",10000.0,0.0,10128769.0,,,,,2020,6,10
259,2020-06-10,,Sprague,RTC-83,"Perth Amboy, NJ",25 - Jet Fuel,32000.0,0.0,10160769.0,,,,,2020,6,10
260,2020-06-12,,Sprague,Penn 92,St.John,41 - Asphalt,59300.0,0.0,10220069.0,,,,,2020,6,12
261,2020-06-12,,Citgo,RTC-80,"Boston, MA",34 - Ethanol (aka E-100),25000.0,0.0,10245069.0,,,,,2020,6,12
262,2020-06-13,,Wyman Station,Tug-Genesis,,06 - #6 Fuel Oil (aka IFO 380),64000.0,0.0,10309069.0,,,,,2020,6,13
263,2020-06-14,,Buckeye,Great Eastern ,St.John,23 - Unleaded Gasoline,30000.0,0.0,10339069.0,,,,,2020,6,14
264,2020-06-14,,Buckeye,Great Eastern ,St.John,23 - Unleaded Gasoline,50000.0,0.0,10389069.0,,,,,2020,6,14
265,2020-06-14,,Buckeye,Great Eastern ,St.John,29 - Diesel (aka ULSD),40000.0,0.0,10429069.0,,,,,2020,6,14
266,2020-06-14,,Buckeye,Great Eastern ,St.John,"02 - #2 Fuel Oil (aka FO, MGO, DMA)",15000.0,0.0,10444069.0,,,,,2020,6,14
267,2020-06-14,,Global ,New England,,"02 - #2 Fuel Oil (aka FO, MGO, DMA)",1089.0,0.0,10445158.0,,,,,2020,6,14
268,2020-06-14,,Global ,New England,,06 - #6 Fuel Oil (aka IFO 380),2033.0,0.0,10447191.0,,,,,2020,6,14
269,2020-06-16,,Citgo,Great Eastern ,St.John,23 - Unleaded Gasoline,90000.0,0.0,10537191.0,,,,,2020,6,16
270,2020-06-16,,Citgo,Great Eastern ,St.John,"02 - #2 Fuel Oil (aka FO, MGO, DMA)",10000.0,0.0,10547191.0,,,,,2020,6,16
271,2020-06-16,,Citgo,Great Eastern ,St.John,29 - Diesel (aka ULSD),30000.0,0.0,10577191.0,,,,,2020,6,16
272,2020-06-16,,Citgo,DBL-104,New York,34 - Ethanol (aka E-100),10000.0,0.0,10587191.0,,,,,2020,6,16
273,2020-06-17,,Buckeye,DBL-104,"Albany, NY",34 - Ethanol (aka E-100),20000.0,0.0,10607191.0,,,,,2020,6,17
274,2020-06-19,,Citgo,DBL-102,New York,28 - Premium Unleaded Gasoline,25000.0,0.0,10632191.0,,,,,2020,6,19
275,2020-06-19,,Gulf,DBL-102,New Jersey,23 - Unleaded Gasoline,10000.0,0.0,10642191.0,,,,,2020,6,19
276,2020-06-19,,Buckeye,DBL-102,New York,28 - Premium Unleaded Gasoline,25000.0,0.0,10667191.0,,,,,2020,6,19
277,2020-06-20,,Buckeye,Great Eastern ,St.John,23 - Unleaded Gasoline,30000.0,0.0,10697191.0,,,,,2020,6,20
278,2020-06-20,,Buckeye,Great Eastern ,St.John,23 - Unleaded Gasoline,50000.0,0.0,10747191.0,,,,,2020,6,20
279,2020-06-20,,Buckeye,Great Eastern ,St.John,29 - Diesel (aka ULSD),30000.0,0.0,10777191.0,,,,,2020,6,20
280,2020-06-20,,Buckeye,Great Eastern ,St.John,"02 - #2 Fuel Oil (aka FO, MGO, DMA)",20000.0,0.0,10797191.0,,,,,2020,6,20
281,2020-06-21,,Global ,Palanca Rio,St.John,41 - Asphalt,42000.0,0.0,10839191.0,,,,,2020,6,21
282,2020-06-23,,Gulf,NCC SAFA,"New Haven, CT`",23 - Unleaded Gasoline,157000.0,0.0,10996191.0,,,,,2020,6,23
283,2020-06-25,,Citgo,Great Eastern ,St.John,23 - Unleaded Gasoline,90000.0,0.0,11086191.0,,,,,2020,6,25
284,2020-06-25,,Buckeye,Great Eastern ,St.John,"02 - #2 Fuel Oil (aka FO, MGO, DMA)",10000.0,0.0,11096191.0,,,,,2020,6,25
285,2020-06-25,,Buckeye,Great Eastern ,St.John,29 - Diesel (aka ULSD),40000.0,0.0,11136191.0,,,,,2020,6,25
286,2020-06-25,,Citgo,Great Eastern ,St.John,29 - Diesel (aka ULSD),30000.0,0.0,11166191.0,,,,,2020,6,25
287,2020-06-25,,Buckeye,Great Eastern ,St.John,23 - Unleaded Gasoline,40000.0,0.0,11206191.0,,,,,2020,6,25
288,2020-06-25,,Buckeye,Great Eastern ,St.John,23 - Unleaded Gasoline,55000.0,0.0,11261191.0,,,,,2020,6,25
289,2020-06-27,,Citgo,DBL-104,"Boston, MA",28 - Premium Unleaded Gasoline,20000.0,0.0,11281191.0,,,,,2020,6,27
290,2020-06-30,,Wyman Station,Tug-Genesis,,06 - #6 Fuel Oil (aka IFO 380),64000.0,0.0,11345191.0,,,,,2020,6,30
291,2020-07-02,,Buckeye,Noreaster,St.John,23 - Unleaded Gasoline,46000.0,0.0,11391191.0,,,,,2020,7,2
292,2020-07-02,,Buckeye,Noreaster,St.John,23 - Unleaded Gasoline,45000.0,0.0,11436191.0,,,,,2020,7,2
293,2020-07-02,,Buckeye,Noreaster,St.John,29 - Diesel (aka ULSD),30000.0,0.0,11466191.0,,,,,2020,7,2
294,2020-07-03,,Citgo,DBL-104,"Boston, MA",34 - Ethanol (aka E-100),9000.0,0.0,11475191.0,,,,,2020,7,3
295,2020-07-03,,Buckeye,DBL-104,,34 - Ethanol (aka E-100),10000.0,0.0,11485191.0,,,,,2020,7,3
296,2020-07-06,,Gulf,Noreaster,St.John,29 - Diesel (aka ULSD),45000.0,0.0,11530191.0,,,,,2020,7,6
297,2020-07-07,,Sprague,Noreaster,St.John,29 - Diesel (aka ULSD),35000.0,0.0,11565191.0,,,,,2020,7,7
298,2020-07-07,,Buckeye,New England,St.John,"02 - #2 Fuel Oil (aka FO, MGO, DMA)",10000.0,0.0,11575191.0,,,,,2020,7,7
299,2020-07-07,,Buckeye,New England,St.John,23 - Unleaded Gasoline,80000.0,0.0,11655191.0,,,,,2020,7,7
300,2020-07-07,,Buckeye,New England,St.John,23 - Unleaded Gasoline,25000.0,0.0,11680191.0,,,,,2020,7,7
301,2020-07-07,,Buckeye,New England,St.John,29 - Diesel (aka ULSD),30000.0,0.0,11710191.0,,,,,2020,7,7
302,2020-07-08,,Citgo,New England,St.John,23 - Unleaded Gasoline,110000.0,0.0,11820191.0,,,,,2020,7,8
303,2020-07-08,,Citgo,New England,St.John,29 - Diesel (aka ULSD),10000.0,0.0,11830191.0,,,,,2020,7,8
304,2020-07-10,,Global ,Palanca Rio,St.John,41 - Asphalt,42000.0,0.0,11872191.0,,,,,2020,7,10
305,2020-07-11,,Citgo,RTC-103,New York,34 - Ethanol (aka E-100),21000.0,0.0,11893191.0,,,,,2020,7,11
306,2020-07-12,,Buckeye,New England,St.John,"02 - #2 Fuel Oil (aka FO, MGO, DMA)",10000.0,0.0,11903191.0,,,,,2020,7,12
307,2020-07-12,,Buckeye,New England,St.John,23 - Unleaded Gasoline,40000.0,0.0,11943191.0,,,,,2020,7,12
308,2020-07-12,,Buckeye,New England,St.John,29 - Diesel (aka ULSD),18000.0,0.0,11961191.0,,,,,2020,7,12
309,2020-07-12,,Buckeye,New England,St.John,23 - Unleaded Gasoline,30000.0,0.0,11991191.0,,,,,2020,7,12
310,2020-07-12,,Buckeye,DBL-104,New York,34 - Ethanol (aka E-100),15000.0,0.0,12006191.0,,,,,2020,7,12
311,2020-07-12,,Buckeye,New England,St.John,28 - Premium Unleaded Gasoline,25000.0,0.0,12031191.0,,,,,2020,7,12
312,2020-07-13,,Citgo,New England,St.John,23 - Unleaded Gasoline,112000.0,0.0,12143191.0,,,,,2020,7,13
313,2020-07-13,,Citgo,New England,St.John,28 - Premium Unleaded Gasoline,20000.0,0.0,12163191.0,,,,,2020,7,13
314,2020-07-13,,Citgo,New England,St.John,29 - Diesel (aka ULSD),10000.0,0.0,12173191.0,,,,,2020,7,13
315,2020-07-13,,Citgo,DBL-104,New York,34 - Ethanol (aka E-100),10000.0,0.0,12183191.0,,,,,2020,7,13
316,2020-07-13,,Gulf,Turmoil,"New Haven, CT`",23 - Unleaded Gasoline,140000.0,0.0,12323191.0,,,,,2020,7,13
317,2020-07-14,,Global ,New England,,"02 - #2 Fuel Oil (aka FO, MGO, DMA)",726.0,0.0,12323917.0,,,,,2020,7,14
318,2020-07-17,,Buckeye,New England,St.John,23 - Unleaded Gasoline,60000.0,0.0,12383917.0,,,,,2020,7,17
319,2020-07-17,,Buckeye,New England,St.John,23 - Unleaded Gasoline,55000.0,0.0,12438917.0,,,,,2020,7,17
320,2020-07-17,,Buckeye,New England,St.John,29 - Diesel (aka ULSD),45000.0,0.0,12483917.0,,,,,2020,7,17
321,2020-07-19,,Citgo,New England,"Boston, MA",23 - Unleaded Gasoline,105000.0,0.0,12588917.0,,,,,2020,7,19
322,2020-07-20,,Citgo,RTC-107,"Boston, MA",28 - Premium Unleaded Gasoline,25000.0,0.0,12613917.0,,,,,2020,7,20
323,2020-07-20,,Gulf,RTC-107,"Bayonne, New Jersey",23 - Unleaded Gasoline,10000.0,0.0,12623917.0,,,,,2020,7,20
324,2020-07-22,,Buckeye,Iver Prosperity,St.John,23 - Unleaded Gasoline,26000.0,0.0,12649917.0,,,,,2020,7,22
325,2020-07-22,,Buckeye,Iver Prosperity,St.John,23 - Unleaded Gasoline,45000.0,0.0,12694917.0,,,,,2020,7,22
326,2020-07-22,,Buckeye,Iver Prosperity,St.John,29 - Diesel (aka ULSD),20000.0,0.0,12714917.0,,,,,2020,7,22
327,2020-07-22,,Buckeye,Iver Prosperity,St.John,"02 - #2 Fuel Oil (aka FO, MGO, DMA)",10000.0,0.0,12724917.0,,,,,2020,7,22
328,2020-07-23,,Citgo,Iver Prosperity,St.John,23 - Unleaded Gasoline,93000.0,0.0,12817917.0,,,,,2020,7,23
329,2020-07-23,,Citgo,Iver Prosperity,St.John,29 - Diesel (aka ULSD),20000.0,0.0,12837917.0,,,,,2020,7,23
330,2020-07-23,,Gulf,Iver Prosperity,St.John,29 - Diesel (aka ULSD),45000.0,0.0,12882917.0,,,,,2020,7,23
331,2020-07-25,,Buckeye,New England,St.John,29 - Diesel (aka ULSD),10000.0,0.0,12892917.0,,,,,2020,7,25
332,2020-07-25,,Buckeye,New England,St.John,"02 - #2 Fuel Oil (aka FO, MGO, DMA)",37000.0,0.0,12929917.0,,,,,2020,7,25
333,2020-07-25,,Buckeye,New England,St.John,23 - Unleaded Gasoline,38000.0,0.0,12967917.0,,,,,2020,7,25
334,2020-07-25,,Global ,New England,,"02 - #2 Fuel Oil (aka FO, MGO, DMA)",1089.0,0.0,12969006.0,,,,,2020,7,25
335,2020-07-25,,Global ,New England,,06 - #6 Fuel Oil (aka IFO 380),3388.0,0.0,12972394.0,,,,,2020,7,25
336,2020-07-25,,Citgo,DBL-104,"Boston, MA",34 - Ethanol (aka E-100),25000.0,0.0,12997394.0,,,,,2020,7,25
337,2020-07-25,,Buckeye,New England,St.John,23 - Unleaded Gasoline,45000.0,0.0,13042394.0,,,,,2020,7,25
338,2020-07-28,,Global ,New England,"Portland, Maine",06 - #6 Fuel Oil (aka IFO 380),0.0,2371.0,13040023.0,,,,2371.0,2020,7,28
339,2020-07-28,,Buckeye,Noreaster,St.John,23 - Unleaded Gasoline,10000.0,0.0,13050023.0,,,,,2020,7,28
340,2020-07-28,,Buckeye,Noreaster,St.John,23 - Unleaded Gasoline,15000.0,0.0,13065023.0,,,,,2020,7,28
341,2020-07-29,,Citgo,Noreaster,St.John,23 - Unleaded Gasoline,62000.0,0.0,13127023.0,,,,,2020,7,29
342,2020-07-29,,Citgo,Noreaster,St.John,29 - Diesel (aka ULSD),32000.0,0.0,13159023.0,,,,,2020,7,29
343,2020-08-02,,Buckeye,DBL-104,New York,34 - Ethanol (aka E-100),20000.0,0.0,13179023.0,,,,,2020,8,2
344,2020-08-02,,Citgo,DBL-104,New York,34 - Ethanol (aka E-100),20000.0,0.0,13199023.0,,,,,2020,8,2
345,2020-08-03,,Buckeye,Noreaster,St.John,23 - Unleaded Gasoline,20000.0,0.0,13219023.0,,,,,2020,8,3
346,2020-08-03,,Buckeye,Noreaster,St.John,23 - Unleaded Gasoline,15000.0,0.0,13234023.0,,,,,2020,8,3
347,2020-08-03,,Buckeye,Noreaster,St.John,29 - Diesel (aka ULSD),40000.0,0.0,13274023.0,,,,,2020,8,3
348,2020-08-05,,Gulf,Noreaster,St.John,23 - Unleaded Gasoline,40000.0,0.0,13314023.0,,,,,2020,8,5
349,2020-08-05,,Gulf,Pacific Diamond,"New Haven, CT`",23 - Unleaded Gasoline,150000.0,0.0,13464023.0,,,,,2020,8,5
350,2020-08-05,,Citgo,Noreaster,St.John,"02 - #2 Fuel Oil (aka FO, MGO, DMA)",10000.0,0.0,13474023.0,,,,,2020,8,5
351,2020-08-05,,Citgo,Noreaster,St.John,28 - Premium Unleaded Gasoline,30000.0,0.0,13504023.0,,,,,2020,8,5
352,2020-08-05,,Citgo,Noreaster,St.John,23 - Unleaded Gasoline,70000.0,0.0,13574023.0,,,,,2020,8,5
353,2020-08-08,,Buckeye,Great Eastern ,St.John,23 - Unleaded Gasoline,50000.0,0.0,13624023.0,,,,,2020,8,8
354,2020-08-08,,Buckeye,Great Eastern ,St.John,23 - Unleaded Gasoline,50000.0,0.0,13674023.0,,,,,2020,8,8
355,2020-08-08,,Buckeye,Great Eastern ,St.John,29 - Diesel (aka ULSD),25000.0,0.0,13699023.0,,,,,2020,8,8
356,2020-08-09,,Citgo,Great Eastern ,St.John,23 - Unleaded Gasoline,120000.0,0.0,13819023.0,,,,,2020,8,9
357,2020-08-09,,Citgo,Great Eastern ,St.John,29 - Diesel (aka ULSD),20000.0,0.0,13839023.0,,,,,2020,8,9
358,2020-08-09,,Gulf,RTC-81,New York,34 - Ethanol (aka E-100),25000.0,0.0,13864023.0,,,,,2020,8,9
359,2020-08-11,,Buckeye,East Coast,St.John,28 - Premium Unleaded Gasoline,40000.0,0.0,13904023.0,,,,,2020,8,11
360,2020-08-11,,Buckeye,East Coast,St.John,23 - Unleaded Gasoline,40000.0,0.0,13944023.0,,,,,2020,8,11
361,2020-08-11,,Buckeye,East Coast,St.John,"02 - #2 Fuel Oil (aka FO, MGO, DMA)",10000.0,0.0,13954023.0,,,,,2020,8,11
362,2020-08-11,,Buckeye,East Coast,St.John,29 - Diesel (aka ULSD),40000.0,0.0,13994023.0,,,,,2020,8,11
363,2020-08-12,,Gulf,East Coast,St.John,29 - Diesel (aka ULSD),45000.0,0.0,14039023.0,,,,,2020,8,12
364,2020-08-12,,Citgo,Noreaster,St.John,29 - Diesel (aka ULSD),20000.0,0.0,14059023.0,,,,,2020,8,12
365,2020-08-12,,Citgo,Noreaster,St.John,"02 - #2 Fuel Oil (aka FO, MGO, DMA)",10000.0,0.0,14069023.0,,,,,2020,8,12
366,2020-08-12,,Citgo,Noreaster,St.John,28 - Premium Unleaded Gasoline,20000.0,0.0,14089023.0,,,,,2020,8,12
367,2020-08-12,,Citgo,Noreaster,St.John,23 - Unleaded Gasoline,50000.0,0.0,14139023.0,,,,,2020,8,12
368,2020-08-13,,Citgo,Eva leigh Cutler,"Boston, MA",34 - Ethanol (aka E-100),21600.0,0.0,14160623.0,,,,,2020,8,13
369,2020-08-14,,Sprague,DS-58,New York,24 - Aviation Gasoline,25000.0,0.0,14185623.0,,,,,2020,8,14
370,2020-08-16,,Buckeye,Iver Prosperity,St.John,29 - Diesel (aka ULSD),40000.0,0.0,14225623.0,,,,,2020,8,16
371,2020-08-16,,Buckeye,Iver Prosperity,St.John,"02 - #2 Fuel Oil (aka FO, MGO, DMA)",10000.0,0.0,14235623.0,,,,,2020,8,16
372,2020-08-16,,Buckeye,Iver Prosperity,St.John,23 - Unleaded Gasoline,35000.0,0.0,14270623.0,,,,,2020,8,16
373,2020-08-16,,Buckeye,Iver Prosperity,St.John,23 - Unleaded Gasoline,45000.0,0.0,14315623.0,,,,,2020,8,16
374,2020-08-18,,Citgo,Iver Prosperity,St.John,29 - Diesel (aka ULSD),20000.0,0.0,14335623.0,,,,,2020,8,18
375,2020-08-18,,Citgo,Iver Prosperity,St.John,23 - Unleaded Gasoline,105000.0,0.0,14440623.0,,,,,2020,8,18
376,2020-08-18,,Citgo,DBL-104,"Searsport, Maine",34 - Ethanol (aka E-100),17000.0,0.0,14457623.0,,,,,2020,8,18
377,2020-08-18,,Citgo,Iver Prosperity,St.John,"02 - #2 Fuel Oil (aka FO, MGO, DMA)",10000.0,0.0,14467623.0,,,,,2020,8,18
378,2020-08-19,,Buckeye,DBL-104,St.John,34 - Ethanol (aka E-100),25000.0,0.0,14492623.0,,,,,2020,8,19
379,2020-08-22,,Citgo,Acadian,St.John,23 - Unleaded Gasoline,113000.0,0.0,14605623.0,,,,,2020,8,22
380,2020-08-22,,Buckeye,Acadian,St.John,23 - Unleaded Gasoline,65000.0,0.0,14670623.0,,,,,2020,8,22
381,2020-08-22,,Buckeye,Acadian,St.John,23 - Unleaded Gasoline,45000.0,0.0,14715623.0,,,,,2020,8,22
382,2020-08-23,,Sprague,Palanca Rio,"Baltimore, MD",88 - Other,17000.0,0.0,14732623.0,,,,,2020,8,23
383,2020-08-27,,Buckeye,Acadian,St.John,"02 - #2 Fuel Oil (aka FO, MGO, DMA)",4000.0,0.0,14736623.0,,,,,2020,8,27
384,2020-08-27,,Buckeye,Acadian,St.John,29 - Diesel (aka ULSD),28000.0,0.0,14764623.0,,,,,2020,8,27
385,2020-08-27,,Buckeye,Acadian,St.John,23 - Unleaded Gasoline,50000.0,0.0,14814623.0,,,,,2020,8,27
386,2020-08-27,,Buckeye,Acadian,St.John,23 - Unleaded Gasoline,15000.0,0.0,14829623.0,,,,,2020,8,27
387,2020-08-27,,Buckeye,Acadian,St.John,28 - Premium Unleaded Gasoline,27000.0,0.0,14856623.0,,,,,2020,8,27
388,2020-08-28,,Citgo,Acadian,St.John,29 - Diesel (aka ULSD),10000.0,0.0,14866623.0,,,,,2020,8,28
389,2020-08-28,,Citgo,Acadian,St.John,23 - Unleaded Gasoline,63000.0,0.0,14929623.0,,,,,2020,8,28
390,2020-08-28,,Citgo,Acadian,St.John,28 - Premium Unleaded Gasoline,18000.0,0.0,14947623.0,,,,,2020,8,28
391,2020-08-29,,Buckeye,DBL-104,St.John,29 - Diesel (aka ULSD),15000.0,0.0,14962623.0,,,,,2020,8,29
392,2020-08-31,,Gulf,RTC-103,New York,34 - Ethanol (aka E-100),25000.0,0.0,14987623.0,,,,,2020,8,31
393,2020-08-31,,Global ,New England,,06 - #6 Fuel Oil (aka IFO 380),1626.0,0.0,14989249.0,,,,,2020,8,31
394,2020-09-02,,Citgo,Iver Prosperity,St.John,23 - Unleaded Gasoline,112000.0,0.0,15101249.0,,,,,2020,9,2
395,2020-09-02,,Citgo,Iver Prosperity,St.John,29 - Diesel (aka ULSD),40000.0,0.0,15141249.0,,,,,2020,9,2
396,2020-09-02,,Buckeye,Iver Prosperity,St.John,23 - Unleaded Gasoline,20000.0,0.0,15161249.0,,,,,2020,9,2
397,2020-09-02,,Buckeye,Iver Prosperity,St.John,29 - Diesel (aka ULSD),43000.0,0.0,15204249.0,,,,,2020,9,2
398,2020-09-02,,Buckeye,Iver Prosperity,St.John,23 - Unleaded Gasoline,45000.0,0.0,15249249.0,,,,,2020,9,2
399,2020-09-02,,Global ,Asphalt Sailor,"Cartegena, Columbia",41 - Asphalt,42000.0,0.0,15291249.0,,,,,2020,9,2
400,2020-09-04,,Citgo,DBL-104,,34 - Ethanol (aka E-100),20000.0,0.0,15311249.0,,,,,2020,9,4
401,2020-09-05,,Buckeye,Iver Prosperity,St.John,"02 - #2 Fuel Oil (aka FO, MGO, DMA)",30000.0,0.0,15341249.0,,,,,2020,9,5
402,2020-09-05,,Buckeye,Iver Prosperity,St.John,29 - Diesel (aka ULSD),20000.0,0.0,15361249.0,,,,,2020,9,5
403,2020-09-05,,Buckeye,Iver Prosperity,St.John,23 - Unleaded Gasoline,20000.0,0.0,15381249.0,,,,,2020,9,5
404,2020-09-06,,Citgo,Cape Gavi,St.John,29 - Diesel (aka ULSD),42000.0,0.0,15423249.0,,,,,2020,9,6
405,2020-09-06,,Citgo,Cape Gavi,St.John,23 - Unleaded Gasoline,70000.0,0.0,15493249.0,,,,,2020,9,6
406,2020-09-06,,Citgo,Cape Gavi,St.John,28 - Premium Unleaded Gasoline,20000.0,0.0,15513249.0,,,,,2020,9,6
407,2020-09-07,,Citgo,Eva leigh Cutler,"Braintree, MA",34 - Ethanol (aka E-100),25000.0,0.0,15538249.0,,,,,2020,9,7
408,2020-09-07,,Gulf,Cape Gavi,St.John,23 - Unleaded Gasoline,45000.0,0.0,15583249.0,,,,,2020,9,7
409,2020-09-11,,Gulf,TMI-17,New York,29 - Diesel (aka ULSD),85000.0,0.0,15668249.0,,,,,2020,9,11
410,2020-09-12,,Buckeye,DBL-104,New York,34 - Ethanol (aka E-100),15000.0,0.0,15683249.0,,,,,2020,9,12
411,2020-09-12,,Citgo,DBL-104,"Boston, MA",34 - Ethanol (aka E-100),10000.0,0.0,15693249.0,,,,,2020,9,12
412,2020-09-17,,Citgo,New England,St.John,23 - Unleaded Gasoline,114000.0,0.0,15807249.0,,,,,2020,9,17
413,2020-09-17,,Citgo,New England,St.John,28 - Premium Unleaded Gasoline,20000.0,0.0,15827249.0,,,,,2020,9,17
414,2020-09-17,,Global ,Long Island,"Bayonne, New Jersey",06 - #6 Fuel Oil (aka IFO 380),16000.0,0.0,15843249.0,,,,,2020,9,17
415,2020-09-18,,Gulf,DBL-102,"Port Reading, NJ",23 - Unleaded Gasoline,100000.0,0.0,15943249.0,,,,,2020,9,18
416,2020-09-19,,Buckeye,East Coast,,29 - Diesel (aka ULSD),25000.0,0.0,15968249.0,,,,,2020,9,19
417,2020-09-19,,Buckeye,East Coast,,23 - Unleaded Gasoline,50000.0,0.0,16018249.0,,,,,2020,9,19
418,2020-09-19,,Buckeye,East Coast,,23 - Unleaded Gasoline,34000.0,0.0,16052249.0,,,,,2020,9,19
419,2020-09-19,,Buckeye,East Coast,,"02 - #2 Fuel Oil (aka FO, MGO, DMA)",25000.0,0.0,16077249.0,,,,,2020,9,19
420,2020-09-20,,Sprague,RTC-102,New Jersey,25 - Jet Fuel,20000.0,0.0,16097249.0,,,,,2020,9,20
421,2020-09-20,,Sprague,RTC-102,New Jersey,88 - Other,44000.0,0.0,16141249.0,,,,,2020,9,20
422,2020-09-21,,Citgo,East Coast,St.John,29 - Diesel (aka ULSD),28000.0,0.0,16169249.0,,,,,2020,9,21
423,2020-09-21,,Citgo,DBL-104,St.John,34 - Ethanol (aka E-100),25000.0,0.0,16194249.0,,,,,2020,9,21
424,2020-09-21,,Citgo,East Coast,St.John,23 - Unleaded Gasoline,83000.0,0.0,16277249.0,,,,,2020,9,21
425,2020-09-21,,Citgo,East Coast,St.John,"02 - #2 Fuel Oil (aka FO, MGO, DMA)",10000.0,0.0,16287249.0,,,,,2020,9,21
426,2020-09-23,,Citgo,Noreaster,St.John,"02 - #2 Fuel Oil (aka FO, MGO, DMA)",10000.0,0.0,16297249.0,,,,,2020,9,23
427,2020-09-23,,Buckeye,Noreaster,,"02 - #2 Fuel Oil (aka FO, MGO, DMA)",27000.0,0.0,16324249.0,,,,,2020,9,23
428,2020-09-23,,Citgo,Noreaster,St.John,29 - Diesel (aka ULSD),28000.0,0.0,16352249.0,,,,,2020,9,23
429,2020-09-23,,Buckeye,Noreaster,,29 - Diesel (aka ULSD),18000.0,0.0,16370249.0,,,,,2020,9,23
430,2020-09-26,,Buckeye,Cape Gavi,St.John,23 - Unleaded Gasoline,42000.0,0.0,16412249.0,,,,,2020,9,26
431,2020-09-26,,Sprague,Turquoise,"Montreal, Canada",29 - Diesel (aka ULSD),75000.0,0.0,16487249.0,,,,,2020,9,26
432,2020-09-26,,Buckeye,Cape Gavi,St.John,"02 - #2 Fuel Oil (aka FO, MGO, DMA)",25000.0,0.0,16512249.0,,,,,2020,9,26
433,2020-09-26,,Buckeye,Cape Gavi,St.John,23 - Unleaded Gasoline,20000.0,0.0,16532249.0,,,,,2020,9,26
434,2020-09-26,,Buckeye,Cape Gavi,St.John,28 - Premium Unleaded Gasoline,13000.0,0.0,16545249.0,,,,,2020,9,26
435,2020-09-26,,Buckeye,Cape Gavi,St.John,29 - Diesel (aka ULSD),25000.0,0.0,16570249.0,,,,,2020,9,26
436,2020-09-27,,Citgo,Cape Gavi,St.John,28 - Premium Unleaded Gasoline,25000.0,0.0,16595249.0,,,,,2020,9,27
437,2020-09-27,,Citgo,Cape Gavi,St.John,23 - Unleaded Gasoline,150000.0,0.0,16745249.0,,,,,2020,9,27
438,2020-09-27,,Buckeye,Noreaster,New York,34 - Ethanol (aka E-100),25000.0,0.0,16770249.0,,,,,2020,9,27
439,2020-09-27,,Buckeye,Noreaster,New York,29 - Diesel (aka ULSD),25000.0,0.0,16795249.0,,,,,2020,9,27
440,2020-09-27,,Buckeye,Noreaster,New York,23 - Unleaded Gasoline,42000.0,0.0,16837249.0,,,,,2020,9,27
441,2020-09-27,,Buckeye,Noreaster,New York,28 - Premium Unleaded Gasoline,13000.0,0.0,16850249.0,,,,,2020,9,27
442,2020-09-27,,Buckeye,Noreaster,,23 - Unleaded Gasoline,20000.0,0.0,16870249.0,,,,,2020,9,27
443,2020-10-02,,Citgo,DBL-104,New York,34 - Ethanol (aka E-100),15000.0,0.0,16885249.0,,,,,2020,10,2
444,2020-10-02,,Buckeye,New England,St.John,23 - Unleaded Gasoline,45000.0,0.0,16930249.0,,,,,2020,10,2
445,2020-10-02,,Buckeye,New England,St.John,23 - Unleaded Gasoline,15000.0,0.0,16945249.0,,,,,2020,10,2
446,2020-10-02,,Buckeye,DBL-104,St.John,34 - Ethanol (aka E-100),25000.0,0.0,16970249.0,,,,,2020,10,2
447,2020-10-04,,Gulf,Noreaster,St.John,23 - Unleaded Gasoline,45000.0,0.0,17015249.0,,,,,2020,10,4
448,2020-10-05,,Citgo,Noreaster,St.John,23 - Unleaded Gasoline,80000.0,0.0,17095249.0,,,,,2020,10,5
449,2020-10-05,,Citgo,Noreaster,St.John,29 - Diesel (aka ULSD),10000.0,0.0,17105249.0,,,,,2020,10,5
450,2020-10-06,,Global ,New England,,06 - #6 Fuel Oil (aka IFO 380),2168.0,0.0,17107417.0,,,,,2020,10,6
451,2020-10-08,,Buckeye,New England,St.John,23 - Unleaded Gasoline,85000.0,0.0,17192417.0,,,,,2020,10,8
452,2020-10-08,,Buckeye,New England,St.John,29 - Diesel (aka ULSD),42000.0,0.0,17234417.0,,,,,2020,10,8
453,2020-10-08,,Buckeye,New England,St.John,"02 - #2 Fuel Oil (aka FO, MGO, DMA)",83000.0,0.0,17317417.0,,,,,2020,10,8
454,2020-10-08,,Buckeye,New England,St.John,23 - Unleaded Gasoline,55000.0,0.0,17372417.0,,,,,2020,10,8
455,2020-10-10,,Citgo,Cape Gavi,St.John,28 - Premium Unleaded Gasoline,22000.0,0.0,17394417.0,,,,,2020,10,10
456,2020-10-10,,Citgo,Cape Gavi,St.John,"02 - #2 Fuel Oil (aka FO, MGO, DMA)",37000.0,0.0,17431417.0,,,,,2020,10,10
457,2020-10-10,,Citgo,Cape Gavi,St.John,23 - Unleaded Gasoline,100000.0,0.0,17531417.0,,,,,2020,10,10
458,2020-10-10,,Citgo,Eva leigh Cutler,"Boston, MA",34 - Ethanol (aka E-100),21000.0,0.0,17552417.0,,,,,2020,10,10
459,2020-10-10,,Gulf,Cape Gavi,St.John,23 - Unleaded Gasoline,48000.0,0.0,17600417.0,,,,,2020,10,10
460,2020-10-10,,Citgo,Cape Gavi,St.John,29 - Diesel (aka ULSD),50000.0,0.0,17650417.0,,,,,2020,10,10
461,2020-10-13,,Citgo,DBL-104,"Boston, MA",34 - Ethanol (aka E-100),10000.0,0.0,17660417.0,,,,,2020,10,13
462,2020-10-14,,Citgo,Cape Gavi,St.John,23 - Unleaded Gasoline,80000.0,0.0,17740417.0,,,,,2020,10,14
463,2020-10-15,,Gulf,Cape Gavi,St.John,29 - Diesel (aka ULSD),45000.0,0.0,17785417.0,,,,,2020,10,15
464,2020-10-15,,Global ,New England,,"02 - #2 Fuel Oil (aka FO, MGO, DMA)",2068.0,0.0,17787485.0,,,,,2020,10,15
465,2020-10-15,,Buckeye,NH Erie,"Portsmouth, NH",29 - Diesel (aka ULSD),14000.0,0.0,17801485.0,,,,,2020,10,15
466,2020-10-15,,Buckeye,Noreaster,St.John,23 - Unleaded Gasoline,67000.0,0.0,17868485.0,,,,,2020,10,15
467,2020-10-15,,Buckeye,Noreaster,St.John,28 - Premium Unleaded Gasoline,38000.0,0.0,17906485.0,,,,,2020,10,15
468,2020-10-15,,Buckeye,Noreaster,St.John,23 - Unleaded Gasoline,68000.0,0.0,17974485.0,,,,,2020,10,15
469,2020-10-15,,Buckeye,Noreaster,St.John,29 - Diesel (aka ULSD),62000.0,0.0,18036485.0,,,,,2020,10,15
470,2020-10-15,,Buckeye,Noreaster,St.John,"02 - #2 Fuel Oil (aka FO, MGO, DMA)",25000.0,0.0,18061485.0,,,,,2020,10,15
471,2020-10-23,,Citgo,East Coast,St.John,23 - Unleaded Gasoline,182000.0,0.0,18243485.0,,,,,2020,10,23
472,2020-10-23,,Citgo,East Coast,St.John,29 - Diesel (aka ULSD),45000.0,0.0,18288485.0,,,,,2020,10,23
473,2020-10-23,,Citgo,East Coast,St.John,28 - Premium Unleaded Gasoline,20000.0,0.0,18308485.0,,,,,2020,10,23
474,2020-10-23,,Buckeye,East Coast,St.John,28 - Premium Unleaded Gasoline,15000.0,0.0,18323485.0,,,,,2020,10,23
475,2020-10-24,,Gulf,Great Eastern ,St.John,23 - Unleaded Gasoline,50000.0,0.0,18373485.0,,,,,2020,10,24
476,2020-10-24,,Gulf,Great Eastern ,St.John,29 - Diesel (aka ULSD),15000.0,0.0,18388485.0,,,,,2020,10,24
477,2020-10-25,,Citgo,DBL-104,"Boston, MA",34 - Ethanol (aka E-100),15000.0,0.0,18403485.0,,,,,2020,10,25
478,2020-10-31,,Citgo,DBL-104,St.John,23 - Unleaded Gasoline,90000.0,0.0,18493485.0,,,,,2020,10,31
479,2020-11-01,,Citgo,East Coast,St.John,23 - Unleaded Gasoline,38000.0,0.0,18531485.0,,,,,2020,11,1
480,2020-11-02,,Gulf,Cape Gavi,"Boston, MA",23 - Unleaded Gasoline,57000.0,0.0,18588485.0,,,,,2020,11,2
481,2020-11-04,,Global ,New England,,06 - #6 Fuel Oil (aka IFO 380),1890.0,0.0,18590375.0,,,,,2020,11,4
482,2020-11-04,,Global ,New England,,"02 - #2 Fuel Oil (aka FO, MGO, DMA)",442.0,0.0,18590817.0,,,,,2020,11,4
483,2020-11-06,,Gulf,Solar Suzanne,"Rotterdam, Netherlands",23 - Unleaded Gasoline,145000.0,0.0,18735817.0,,,,,2020,11,6
484,2020-11-06,,Global ,RTC-145,New York,01 - #1 Fuel Oil,40000.0,0.0,18775817.0,,,,,2020,11,6
485,2020-11-07,,Citgo,DBL-104,New York,34 - Ethanol (aka E-100),20000.0,0.0,18795817.0,,,,,2020,11,7
486,2020-11-09,,Citgo,Cape Gavi,St.John,23 - Unleaded Gasoline,70000.0,0.0,18865817.0,,,,,2020,11,9
487,2020-11-09,,Citgo,Cape Gavi,St.John,28 - Premium Unleaded Gasoline,21000.0,0.0,18886817.0,,,,,2020,11,9
488,2020-11-10,,Global ,Penn 92,St.John,41 - Asphalt,34000.0,0.0,18920817.0,,,,,2020,11,10
489,2020-11-10,,Buckeye,Cape Gavi,St.John,34 - Ethanol (aka E-100),6000.0,0.0,18926817.0,,,,,2020,11,10
490,2020-11-10,,Buckeye,Cape Gavi,St.John,29 - Diesel (aka ULSD),60000.0,0.0,18986817.0,,,,,2020,11,10
491,2020-11-10,,Buckeye,Cape Gavi,St.John,28 - Premium Unleaded Gasoline,17000.0,0.0,19003817.0,,,,,2020,11,10
492,2020-11-10,,Buckeye,Cape Gavi,St.John,23 - Unleaded Gasoline,16000.0,0.0,19019817.0,,,,,2020,11,10
493,2020-11-10,,Buckeye,Cape Gavi,St.John,23 - Unleaded Gasoline,39000.0,0.0,19058817.0,,,,,2020,11,10
494,2020-11-11,,Citgo,Eva leigh Cutler,New York,34 - Ethanol (aka E-100),21000.0,0.0,19079817.0,,,,,2020,11,11
495,2020-11-12,,Citgo,Cape Gavi,St.John,23 - Unleaded Gasoline,170000.0,0.0,19249817.0,,,,,2020,11,12
496,2020-11-14,,Citgo,DBL-104,New York,34 - Ethanol (aka E-100),10000.0,0.0,19259817.0,,,,,2020,11,14
497,2020-11-15,,Buckeye,DBL-104,New York,34 - Ethanol (aka E-100),15000.0,0.0,19274817.0,,,,,2020,11,15
498,2020-11-16,,Sprague,RTC-102,"Linden, New Jersey",25 - Jet Fuel,20000.0,0.0,19294817.0,,,,,2020,11,16
499,2020-11-17,,Gulf,Genisis Victory,"Boston, MA",34 - Ethanol (aka E-100),25000.0,0.0,19319817.0,,,,,2020,11,17
500,2020-11-18,,Citgo,Cape Gavi,St.John,29 - Diesel (aka ULSD),32000.0,0.0,19351817.0,,,,,2020,11,18
501,2020-11-18,,Citgo,Cape Gavi,St.John,23 - Unleaded Gasoline,42000.0,0.0,19393817.0,,,,,2020,11,18
502,2020-11-18,,Citgo,Cape Gavi,St.John,29 - Diesel (aka ULSD),32000.0,0.0,19425817.0,,,,,2020,11,18
503,2020-11-18,,Citgo,Cape Gavi,St.John,23 - Unleaded Gasoline,42000.0,0.0,19467817.0,,,,,2020,11,18
504,2020-11-18,,Citgo,Cape Gavi,St.John,23 - Unleaded Gasoline,42000.0,0.0,19509817.0,,,,,2020,11,18
505,2020-11-18,,Citgo,Cape Gavi,St.John,29 - Diesel (aka ULSD),32000.0,0.0,19541817.0,,,,,2020,11,18
506,2020-11-18,,Citgo,Cape Gavi,St.John,23 - Unleaded Gasoline,42000.0,0.0,19583817.0,,,,,2020,11,18
507,2020-11-18,,Citgo,Cape Gavi,St.John,29 - Diesel (aka ULSD),32000.0,0.0,19615817.0,,,,,2020,11,18
508,2020-11-19,,Citgo,Cape Gavi,St.John,29 - Diesel (aka ULSD),25000.0,0.0,19640817.0,,,,,2020,11,19
509,2020-11-21,,Citgo,Iver Prosperity,St.John,23 - Unleaded Gasoline,90000.0,0.0,19730817.0,,,,,2020,11,21
510,2020-11-22,,Citgo,DBL-104,New York,34 - Ethanol (aka E-100),15000.0,0.0,19745817.0,,,,,2020,11,22
511,2020-11-23,,Buckeye,Cape Gavi,St.John,23 - Unleaded Gasoline,69000.0,0.0,19814817.0,,,,,2020,11,23
512,2020-11-23,,Gulf,Hafnia Henriette ,"Boston, MA",23 - Unleaded Gasoline,131175.0,0.0,19945992.0,,,,,2020,11,23
513,2020-11-23,,Buckeye,Cape Gavi,St.John,23 - Unleaded Gasoline,90000.0,0.0,20035992.0,,,,,2020,11,23
514,2020-11-23,,Buckeye,Cape Gavi,St.John,"02 - #2 Fuel Oil (aka FO, MGO, DMA)",49000.0,0.0,20084992.0,,,,,2020,11,23
515,2020-11-24,,Citgo,Cape Gavi,St.John,23 - Unleaded Gasoline,53000.0,0.0,20137992.0,,,,,2020,11,24
516,2020-11-28,,Citgo,Noreaster,St.John,23 - Unleaded Gasoline,162000.0,0.0,20299992.0,,,,,2020,11,28
517,2020-11-28,,Citgo,Noreaster,St.John,29 - Diesel (aka ULSD),50000.0,0.0,20349992.0,,,,,2020,11,28
518,2020-11-28,,Citgo,Noreaster,St.John,"02 - #2 Fuel Oil (aka FO, MGO, DMA)",42000.0,0.0,20391992.0,,,,,2020,11,28
519,2020-11-30,,Gulf,Fight ALS,New York,29 - Diesel (aka ULSD),82000.0,0.0,20473992.0,,,,,2020,11,30
520,2020-12-02,,Global ,Citron,"Antwerp, Belgium","02 - #2 Fuel Oil (aka FO, MGO, DMA)",125000.0,0.0,20598992.0,,,,,2020,12,2
521,2020-12-04,,Buckeye,DBL-104,New York,34 - Ethanol (aka E-100),11000.0,0.0,20609992.0,,,,,2020,12,4
522,2020-12-04,,Global ,New England,,06 - #6 Fuel Oil (aka IFO 380),2032.0,0.0,20612024.0,,,,,2020,12,4
523,2020-12-04,,Global ,New England,,"02 - #2 Fuel Oil (aka FO, MGO, DMA)",726.0,0.0,20612750.0,,,,,2020,12,4
524,2020-12-07,,Citgo,DBL-104,"Boston, MA",34 - Ethanol (aka E-100),14000.0,0.0,20626750.0,,,,,2020,12,7
525,2020-12-08,,Citgo,Eva leigh Cutler,"Boston, MA",34 - Ethanol (aka E-100),15200.0,0.0,20641950.0,,,,,2020,12,8
526,2020-12-09,,Sprague,RTC-102,New Jersey,"02 - #2 Fuel Oil (aka FO, MGO, DMA)",75000.0,0.0,20716950.0,,,,,2020,12,9
527,2020-12-11,,Citgo,Cape Gavi,St.John,23 - Unleaded Gasoline,85000.0,0.0,20801950.0,,,,,2020,12,11
528,2020-12-11,,Citgo,Cape Gavi,St.John,28 - Premium Unleaded Gasoline,38000.0,0.0,20839950.0,,,,,2020,12,11
529,2020-12-13,,Buckeye,Great Eastern ,St.John,"02 - #2 Fuel Oil (aka FO, MGO, DMA)",53000.0,0.0,20892950.0,,,,,2020,12,13
530,2020-12-13,,Buckeye,Great Eastern ,St.John,23 - Unleaded Gasoline,21000.0,0.0,20913950.0,,,,,2020,12,13
531,2020-12-13,,Gulf,Cape Gavi,St.John,23 - Unleaded Gasoline,12000.0,0.0,20925950.0,,,,,2020,12,13
532,2020-12-13,,Citgo,Great Eastern ,St.John,23 - Unleaded Gasoline,110000.0,0.0,21035950.0,,,,,2020,12,13
533,2020-12-13,,Citgo,Great Eastern ,St.John,"02 - #2 Fuel Oil (aka FO, MGO, DMA)",25000.0,0.0,21060950.0,,,,,2020,12,13
534,2020-12-13,,Citgo,Great Eastern ,St.John,29 - Diesel (aka ULSD),50000.0,0.0,21110950.0,,,,,2020,12,13
535,2020-12-14,,Sprague,MT.LYSIAS,,"02 - #2 Fuel Oil (aka FO, MGO, DMA)",75000.0,0.0,21185950.0,,,,,2020,12,14
536,2020-12-14,,Sprague,MT.LYSIAS,,29 - Diesel (aka ULSD),75000.0,0.0,21260950.0,,,,,2020,12,14
537,2020-12-14,,Citgo,Great Eastern ,St.John,29 - Diesel (aka ULSD),50000.0,0.0,21310950.0,,,,,2020,12,14
538,2020-12-14,,Citgo,Great Eastern ,St.John,"02 - #2 Fuel Oil (aka FO, MGO, DMA)",25000.0,0.0,21335950.0,,,,,2020,12,14
539,2020-12-14,,Citgo,Great Eastern ,St.John,23 - Unleaded Gasoline,112000.0,0.0,21447950.0,,,,,2020,12,14
540,2020-12-15,,Citgo,Iver Prosperity,St.John,29 - Diesel (aka ULSD),75000.0,0.0,21522950.0,,,,,2020,12,15
541,2020-12-15,,Citgo,DBL-104,New York,34 - Ethanol (aka E-100),15000.0,0.0,21537950.0,,,,,2020,12,15
542,2020-12-16,,Buckeye,Iver Prosperity,St.John,"02 - #2 Fuel Oil (aka FO, MGO, DMA)",45000.0,0.0,21582950.0,,,,,2020,12,16
543,2020-12-22,,Buckeye,Cape Gavi,St.John,29 - Diesel (aka ULSD),65000.0,0.0,21647950.0,,,,,2020,12,22
544,2020-12-22,,Buckeye,Cape Gavi,St.John,23 - Unleaded Gasoline,32000.0,0.0,21679950.0,,,,,2020,12,22
545,2020-12-23,,Global ,New England,,"02 - #2 Fuel Oil (aka FO, MGO, DMA)",0.0,1452.0,21678498.0,,,,1452.0,2020,12,23
546,2020-12-23,,Citgo,Cape Gavi,St.John,23 - Unleaded Gasoline,103000.0,0.0,21781498.0,,,,,2020,12,23
547,2020-12-23,,Citgo,Cape Gavi,St.John,29 - Diesel (aka ULSD),18000.0,0.0,21799498.0,,,,,2020,12,23
548,2020-12-26,,Citgo,Noreaster,St.John,29 - Diesel (aka ULSD),45000.0,0.0,21844498.0,,,,,2020,12,26
549,2020-12-26,,Citgo,Noreaster,St.John,28 - Premium Unleaded Gasoline,20000.0,0.0,21864498.0,,,,,2020,12,26
550,2020-12-26,,Citgo,Noreaster,St.John,23 - Unleaded Gasoline,70000.0,0.0,21934498.0,,,,,2020,12,26
551,2020-12-27,,Gulf,Fight ALS,New Jersey,29 - Diesel (aka ULSD),84000.0,0.0,22018498.0,,,,,2020,12,27
552,2020-12-28,,Buckeye,DBL-104,New York,29 - Diesel (aka ULSD),20000.0,0.0,22038498.0,,,,,2020,12,28
553,2020-12-28,,Buckeye,Noreaster,St.John,23 - Unleaded Gasoline,15000.0,0.0,22053498.0,,,,,2020,12,28
554,2020-12-28,,Buckeye,Noreaster,St.John,28 - Premium Unleaded Gasoline,18000.0,0.0,22071498.0,,,,,2020,12,28
555,2020-12-28,,Buckeye,Noreaster,St.John,23 - Unleaded Gasoline,50000.0,0.0,22121498.0,,,,,2020,12,28
556,2020-12-28,,Buckeye,Noreaster,St.John,29 - Diesel (aka ULSD),42000.0,0.0,22163498.0,,,,,2020,12,28
557,2020-12-28,,Citgo,DBL-104,New York,34 - Ethanol (aka E-100),15000.0,0.0,22178498.0,,,,,2020,12,28
558,2020-12-29,,Gulf,DBL-102,St.John,23 - Unleaded Gasoline,100000.0,0.0,22278498.0,,,,,2020,12,29
559,2020-12-30,,Citgo,Great Eastern ,St.John,23 - Unleaded Gasoline,87000.0,0.0,22365498.0,,,,,2020,12,30
560,2021-01-04,,Buckeye,Iver Prosperity,St. John ,"02 - #2 Fuel Oil (aka FO, MGO, DMA)",30000.0,0.0,22395498.0,,,,,2021,1,4
561,2021-01-04,,Buckeye,Iver Prosperity,St. John ,23 - Unleaded Gasoline,35000.0,0.0,22430498.0,,,,,2021,1,4
562,2021-01-04,,Buckeye,Iver Prosperity,St. John ,29 - Diesel (aka ULSD),15000.0,0.0,22445498.0,,,,,2021,1,4
563,2021-01-04,,Global,New England,,"02 - #2 Fuel Oil (aka FO, MGO, DMA)",726.0,0.0,22446224.0,,,,,2021,1,4
564,2021-01-04,,Citgo,Iver Prosperity,St. John ,28 - Premium Unleaded Gasoline,32000.0,0.0,22478224.0,,,,,2021,1,4
565,2021-01-04,,Buckeye,Iver Prosperity,St. John ,23 - Unleaded Gasoline,30000.0,0.0,22508224.0,,,,,2021,1,4
566,2021-01-04,,Buckeye,Iver Prosperity,St. John ,28 - Premium Unleaded Gasoline,15000.0,0.0,22523224.0,,,,,2021,1,4
567,2021-01-04,,Citgo,Iver Prosperity,St. John ,23 - Unleaded Gasoline,70000.0,0.0,22593224.0,,,,,2021,1,4
568,2021-01-04,,Citgo,Iver Prosperity,St. John ,29 - Diesel (aka ULSD),42000.0,0.0,22635224.0,,,,,2021,1,4
569,2021-01-07,,Global,New England,,"02 - #2 Fuel Oil (aka FO, MGO, DMA)",1452.0,0.0,22636676.0,,,,,2021,1,7
570,2021-01-07,,Buckeye,DBL-104,New York,34 - Ethanol (aka E-100),15000.0,0.0,22651676.0,,,,,2021,1,7
571,2021-01-07,,Citgo,DBL-104,St. John ,34 - Ethanol (aka E-100),15000.0,0.0,22666676.0,,,,,2021,1,7
572,2021-01-07,,Global,New England,,06 - #6 Fuel Oil (aka IFO 380),2371.0,0.0,22669047.0,,,,,2021,1,7
573,2021-01-08,,Gulf,DBL-102,"New Haven, CT",34 - Ethanol (aka E-100),28000.0,0.0,22697047.0,,,,,2021,1,8
574,2021-01-09,,Buckeye,New England,St. John ,"02 - #2 Fuel Oil (aka FO, MGO, DMA)",50000.0,0.0,22747047.0,,,,,2021,1,9
575,2021-01-09,,Buckeye,New England,St. John ,29 - Diesel (aka ULSD),42000.0,0.0,22789047.0,,,,,2021,1,9
576,2021-01-09,,Buckeye,New England,St. John ,23 - Unleaded Gasoline,30000.0,0.0,22819047.0,,,,,2021,1,9
577,2021-01-09,,Buckeye,New England,St. John ,23 - Unleaded Gasoline,53000.0,0.0,22872047.0,,,,,2021,1,9
578,2021-01-09,,Sprague,MT PTI,Bahamas,29 - Diesel (aka ULSD),20000.0,0.0,22892047.0,,,,,2021,1,9
579,2021-01-09,,Sprague,MT PTI,Bahamas,"02 - #2 Fuel Oil (aka FO, MGO, DMA)",100000.0,0.0,22992047.0,,,,,2021,1,9
580,2021-01-10,,Global,New England,,06 - #6 Fuel Oil (aka IFO 380),0.0,4066.0,22987981.0,,,,4066.0,2021,1,10
581,2021-01-10,,Citgo,New England,St. John ,23 - Unleaded Gasoline,90000.0,0.0,23077981.0,,,,,2021,1,10
582,2021-01-10,,Global,New England,,"02 - #2 Fuel Oil (aka FO, MGO, DMA)",0.0,1089.0,23076892.0,,,,1089.0,2021,1,10
583,2021-01-14,,Buckeye,New England,St. John ,23 - Unleaded Gasoline,27000.0,0.0,23103892.0,,,,,2021,1,14
584,2021-01-14,,Buckeye,New England,St. John ,29 - Diesel (aka ULSD),20000.0,0.0,23123892.0,,,,,2021,1,14
585,2021-01-14,,Buckeye,New England,St. John ,"02 - #2 Fuel Oil (aka FO, MGO, DMA)",40000.0,0.0,23163892.0,,,,,2021,1,14
586,2021-01-15,,Gulf,Fight ALS,"Perth Amboy, NJ","02 - #2 Fuel Oil (aka FO, MGO, DMA)",82000.0,0.0,23245892.0,,,,,2021,1,15
587,2021-01-15,,Citgo,New England,St. John ,29 - Diesel (aka ULSD),25000.0,0.0,23270892.0,,,,,2021,1,15
588,2021-01-15,,Citgo,New England,St. John ,"02 - #2 Fuel Oil (aka FO, MGO, DMA)",50000.0,0.0,23320892.0,,,,,2021,1,15
589,2021-01-15,,Citgo,New England,St. John ,23 - Unleaded Gasoline,75000.0,0.0,23395892.0,,,,,2021,1,15
590,2021-01-18,,Global,RTC-145,"Revere,MA",01 - #1 Fuel Oil,20000.0,0.0,23415892.0,,,,,2021,1,18
591,2021-01-18,,Citgo,DBL-104,New York,34 - Ethanol (aka E-100),15000.0,0.0,23430892.0,,,,,2021,1,18
592,2021-01-19,,Gulf,Cape Gavi,St. John ,23 - Unleaded Gasoline,42000.0,0.0,23472892.0,,,,,2021,1,19
593,2021-01-21,,Global,Great Kappa,"Southwold, UK","02 - #2 Fuel Oil (aka FO, MGO, DMA)",100000.0,0.0,23572892.0,,,,,2021,1,21
594,2021-01-21,,Buckeye,Iver Prosperity,St. John ,34 - Ethanol (aka E-100),45000.0,0.0,23617892.0,,,,,2021,1,21
595,2021-01-21,,Buckeye,Iver Prosperity,St. John ,29 - Diesel (aka ULSD),25000.0,0.0,23642892.0,,,,,2021,1,21
596,2021-01-21,,Buckeye,Iver Prosperity,St. John ,23 - Unleaded Gasoline,34000.0,0.0,23676892.0,,,,,2021,1,21
597,2021-01-25,,Gulf,Nave Pulsar,"New Haven, CT",23 - Unleaded Gasoline,118000.0,0.0,23794892.0,,,,,2021,1,25
598,2021-01-27,,Buckeye,DBL-104,New York,34 - Ethanol (aka E-100),20000.0,0.0,23814892.0,,,,,2021,1,27
599,2021-01-30,,Buckeye,Great Eastern,St. John ,"02 - #2 Fuel Oil (aka FO, MGO, DMA)",45000.0,0.0,23859892.0,,,,,2021,1,30
600,2021-01-30,,Sprague,MT Cajun Sun,"Southwold, UK","02 - #2 Fuel Oil (aka FO, MGO, DMA)",127000.0,0.0,23986892.0,,,,,2021,1,30
601,2021-01-30,,Buckeye,Great Eastern,St. John ,29 - Diesel (aka ULSD),20000.0,0.0,24006892.0,,,,,2021,1,30
602,2021-01-30,,Buckeye,Great Eastern,St. John ,23 - Unleaded Gasoline,25000.0,0.0,24031892.0,,,,,2021,1,30
603,2021-01-30,,Buckeye,Great Eastern,St. John ,28 - Premium Unleaded Gasoline,14000.0,0.0,24045892.0,,,,,2021,1,30
604,2021-01-30,,Buckeye,Great Eastern,St. John ,23 - Unleaded Gasoline,30000.0,0.0,24075892.0,,,,,2021,1,30
605,2021-01-31,,Citgo,Great Eastern,St. John ,29 - Diesel (aka ULSD),30000.0,0.0,24105892.0,,,,,2021,1,31
606,2021-01-31,,Citgo,Great Eastern,St. John ,28 - Premium Unleaded Gasoline,20000.0,0.0,24125892.0,,,,,2021,1,31
607,2021-01-31,,Global,New England,,"02 - #2 Fuel Oil (aka FO, MGO, DMA)",0.0,871.0,24125021.0,,,,871.0,2021,1,31
608,2021-01-31,,Global,New England,,06 - #6 Fuel Oil (aka IFO 380),0.0,1694.0,24123327.0,,,,1694.0,2021,1,31
609,2021-01-31,,Citgo,Great Eastern,St. John ,23 - Unleaded Gasoline,77000.0,0.0,24200327.0,,,,,2021,1,31
610,2021-01-31,,Gulf,Fight ALS,New York,29 - Diesel (aka ULSD),10000.0,0.0,24210327.0,,,,,2021,1,31
611,2021-02-09,,Citgo,Nor'easter,St. John ,23 - Unleaded Gasoline,110000.0,0.0,24320327.0,,,,,2021,2,9
612,2021-02-09,,Citgo,Nor'easter,St. John ,29 - Diesel (aka ULSD),20000.0,0.0,24340327.0,,,,,2021,2,9
613,2021-02-10,,Gulf,MTM Hudson,"New Haven, CT",23 - Unleaded Gasoline,75000.0,0.0,24415327.0,,,,,2021,2,10
614,2021-02-11,,Global,New England,,06 - #6 Fuel Oil (aka IFO 380),1355.0,0.0,24416682.0,,,,,2021,2,11
615,2021-02-11,,Global,Markos 1,,"02 - #2 Fuel Oil (aka FO, MGO, DMA)",100000.0,0.0,24516682.0,,,,,2021,2,11
616,2021-02-11,,Global,New England,,"02 - #2 Fuel Oil (aka FO, MGO, DMA)",1089.0,0.0,24517771.0,,,,,2021,2,11
617,2021-02-13,,Buckeye,Cape Gavi,St. John ,29 - Diesel (aka ULSD),42000.0,0.0,24559771.0,,,,,2021,2,13
618,2021-02-13,,Buckeye,Cape Gavi,St. John ,23 - Unleaded Gasoline,18000.0,0.0,24577771.0,,,,,2021,2,13
619,2021-02-13,,Buckeye,Cape Gavi,St. John ,23 - Unleaded Gasoline,65000.0,0.0,24642771.0,,,,,2021,2,13
620,2021-02-14,,Global,New England,,06 - #6 Fuel Oil (aka IFO 380),0.0,2371.0,24640400.0,,,,2371.0,2021,2,14
621,2021-02-14,,Global,New England,,"02 - #2 Fuel Oil (aka FO, MGO, DMA)",0.0,1525.0,24638875.0,,,,1525.0,2021,2,14
622,2021-02-14,,Citgo,Cape Gavi,St. John ,23 - Unleaded Gasoline,85000.0,0.0,24723875.0,,,,,2021,2,14
623,2021-02-14,,Citgo,Cape Gavi,St. John ,23 - Unleaded Gasoline,52000.0,0.0,24775875.0,,,,,2021,2,14
624,2021-02-15,,Sprague,RTC-104,"Portsmouth, NH",88 - Other,15000.0,0.0,24790875.0,,,,,2021,2,15
625,2021-02-15,,Sprague,RTC-104,"Portsmouth, NH","02 - #2 Fuel Oil (aka FO, MGO, DMA)",35000.0,0.0,24825875.0,,,,,2021,2,15
626,2021-02-16,,Citgo,DBL-104,New York,34 - Ethanol (aka E-100),15000.0,0.0,24840875.0,,,,,2021,2,16
627,2021-02-17,,Gulf,DBL-102,"Chelsea, MA",23 - Unleaded Gasoline,32000.0,0.0,24872875.0,,,,,2021,2,17
628,2021-02-17,,Buckeye,DBL-104,New York,34 - Ethanol (aka E-100),10000.0,0.0,24882875.0,,,,,2021,2,17
629,2021-02-18,,Citgo,Eva Leigh Cutler,New York,34 - Ethanol (aka E-100),64000.0,0.0,24946875.0,,,,,2021,2,18
630,2021-02-18,,Gulf,Fight ALS,"Bayonne, NJ",29 - Diesel (aka ULSD),83000.0,0.0,25029875.0,,,,,2021,2,18
631,2021-02-20,,Buckeye,Nor'easter,St. John ,23 - Unleaded Gasoline,11000.0,0.0,25040875.0,,,,,2021,2,20
632,2021-02-20,,Buckeye,Nor'easter,St. John ,23 - Unleaded Gasoline,22000.0,0.0,25062875.0,,,,,2021,2,20
633,2021-02-20,,Buckeye,Nor'easter,St. John ,29 - Diesel (aka ULSD),33000.0,0.0,25095875.0,,,,,2021,2,20
634,2021-02-20,,Buckeye,Nor'easter,St. John ,"02 - #2 Fuel Oil (aka FO, MGO, DMA)",42000.0,0.0,25137875.0,,,,,2021,2,20
635,2021-02-21,,Citgo,Nor'easter,St. John ,23 - Unleaded Gasoline,85000.0,0.0,25222875.0,,,,,2021,2,21
636,2021-02-21,,Citgo,Nor'easter,St. John ,23 - Unleaded Gasoline,50000.0,0.0,25272875.0,,,,,2021,2,21
637,2021-02-21,,Citgo,Nor'easter,St. John ,29 - Diesel (aka ULSD),17000.0,0.0,25289875.0,,,,,2021,2,21
638,2021-02-26,,Buckeye,Iver Prosperity,St. John ,28 - Premium Unleaded Gasoline,10000.0,0.0,25299875.0,,,,,2021,2,26
639,2021-02-26,,Buckeye,Iver Prosperity,St. John ,23 - Unleaded Gasoline,40000.0,0.0,25339875.0,,,,,2021,2,26
640,2021-02-26,,Buckeye,Iver Prosperity,St. John ,"02 - #2 Fuel Oil (aka FO, MGO, DMA)",45000.0,0.0,25384875.0,,,,,2021,2,26
641,2021-02-26,,Buckeye,Iver Prosperity,St. John ,23 - Unleaded Gasoline,45000.0,0.0,25429875.0,,,,,2021,2,26
642,2021-02-26,,Citgo,Iver Prosperity,St. John ,23 - Unleaded Gasoline,120000.0,0.0,25549875.0,,,,,2021,2,26
643,2021-02-28,,Citgo,East Coast,St. John ,29 - Diesel (aka ULSD),42000.0,0.0,25591875.0,,,,,2021,2,28
644,2021-02-28,,Portland Pipeline,Cobalt Sun,,61 - Crude Oil,700000.0,0.0,26291875.0,,,,,2021,2,28
645,2021-02-28,,Citgo,East Coast,St. John ,23 - Unleaded Gasoline,65000.0,0.0,26356875.0,,,,,2021,2,28
646,2021-03-01,,Buckeye,East Coast,St. John ,23 - Unleaded Gasoline,30000.0,0.0,26386875.0,,,,,2021,3,1
647,2021-03-01,,Buckeye,East Coast,St. John ,"02 - #2 Fuel Oil (aka FO, MGO, DMA)",45000.0,0.0,26431875.0,,,,,2021,3,1
648,2021-03-01,,Buckeye,East Coast,St. John ,29 - Diesel (aka ULSD),38000.0,0.0,26469875.0,,,,,2021,3,1
649,2021-03-01,,Buckeye,East Coast,St. John ,23 - Unleaded Gasoline,45000.0,0.0,26514875.0,,,,,2021,3,1
650,2021-03-02,,Global,Torm Stellar,Belgium,"02 - #2 Fuel Oil (aka FO, MGO, DMA)",100000.0,0.0,26614875.0,,,,,2021,3,2
651,2021-03-05,,Buckeye,East Coast,St. John ,23 - Unleaded Gasoline,38000.0,0.0,26652875.0,,,,,2021,3,5
652,2021-03-05,,Citgo,DBL-104,"Boston, MA",34 - Ethanol (aka E-100),12000.0,0.0,26664875.0,,,,,2021,3,5
653,2021-03-05,,Buckeye,DBL-104,New York,34 - Ethanol (aka E-100),8000.0,0.0,26672875.0,,,,,2021,3,5
654,2021-03-05,,Buckeye,East Coast,St. John ,29 - Diesel (aka ULSD),42000.0,0.0,26714875.0,,,,,2021,3,5
655,2021-03-05,,Buckeye,East Coast,St. John ,"02 - #2 Fuel Oil (aka FO, MGO, DMA)",50000.0,0.0,26764875.0,,,,,2021,3,5
656,2021-03-06,,Citgo,East Coast,St. John ,23 - Unleaded Gasoline,83000.0,0.0,26847875.0,,,,,2021,3,6
657,2021-03-06,,Citgo,East Coast,St. John ,29 - Diesel (aka ULSD),45000.0,0.0,26892875.0,,,,,2021,3,6
658,2021-03-08,,Global,New England,,"02 - #2 Fuel Oil (aka FO, MGO, DMA)",2541.0,0.0,26895416.0,,,,,2021,3,8
659,2021-03-09,,Sprague,Palanca Rio,St. John ,41 - Asphalt,84000.0,0.0,26979416.0,,,,,2021,3,9
660,2021-03-09,,Global,New England,,"02 - #2 Fuel Oil (aka FO, MGO, DMA)",799.0,0.0,26980215.0,,,,,2021,3,9
661,2021-03-09,,Global,New England,,06 - #6 Fuel Oil (aka IFO 380),1355.0,0.0,26981570.0,,,,,2021,3,9
662,2021-03-11,,Gulf,Fight ALS,New Jersey,29 - Diesel (aka ULSD),78000.0,0.0,27059570.0,,,,,2021,3,11
663,2021-03-12,,Citgo,New England,St. John ,23 - Unleaded Gasoline,38000.0,0.0,27097570.0,,,,,2021,3,12
664,2021-03-12,,Citgo,New England,St. John ,"02 - #2 Fuel Oil (aka FO, MGO, DMA)",35000.0,0.0,27132570.0,,,,,2021,3,12
665,2021-03-12,,Citgo,New England,St. John ,29 - Diesel (aka ULSD),35000.0,0.0,27167570.0,,,,,2021,3,12
666,2021-03-12,,Citgo,New England,St. John ,28 - Premium Unleaded Gasoline,4000.0,0.0,27171570.0,,,,,2021,3,12
667,2021-03-13,,Citgo,Great Eastern,St. John ,29 - Diesel (aka ULSD),45000.0,0.0,27216570.0,,,,,2021,3,13
668,2021-03-13,,Citgo,Great Eastern,St. John ,23 - Unleaded Gasoline,38000.0,0.0,27254570.0,,,,,2021,3,13
669,2021-03-13,,Citgo,DBL-104,"Boston, MA",34 - Ethanol (aka E-100),15000.0,0.0,27269570.0,,,,,2021,3,13
670,2021-03-16,,Buckeye,New England,St. John ,29 - Diesel (aka ULSD),25000.0,0.0,27294570.0,,,,,2021,3,16
671,2021-03-16,,Buckeye,New England,St. John ,28 - Premium Unleaded Gasoline,38000.0,0.0,27332570.0,,,,,2021,3,16
672,2021-03-19,,Sprague,RTC-104,"Quincy, MA",25 - Jet Fuel,20000.0,0.0,27352570.0,,,,,2021,3,19
673,2021-03-19,,Sprague,RTC-104,"Quincy, MA",29 - Diesel (aka ULSD),20000.0,0.0,27372570.0,,,,,2021,3,19
674,2021-03-20,,Buckeye,Cape Gavi,St. John ,23 - Unleaded Gasoline,70000.0,0.0,27442570.0,,,,,2021,3,20
675,2021-03-20,,Buckeye,Cape Gavi,St. John ,23 - Unleaded Gasoline,50000.0,0.0,27492570.0,,,,,2021,3,20
676,2021-03-20,,Buckeye,Cape Gavi,St. John ,"02 - #2 Fuel Oil (aka FO, MGO, DMA)",46000.0,0.0,27538570.0,,,,,2021,3,20
677,2021-03-21,,Citgo,Cape Gavi,St. John ,29 - Diesel (aka ULSD),25000.0,0.0,27563570.0,,,,,2021,3,21
678,2021-03-21,,Citgo,Cape Gavi,St. John ,"02 - #2 Fuel Oil (aka FO, MGO, DMA)",20900.0,0.0,27584470.0,,,,,2021,3,21
679,2021-03-21,,Citgo,Cape Gavi,St. John ,23 - Unleaded Gasoline,58000.0,0.0,27642470.0,,,,,2021,3,21
680,2021-03-25,,Citgo,Eva Leigh Cutler,"Braintree, MA",34 - Ethanol (aka E-100),26000.0,0.0,27668470.0,,,,,2021,3,25
681,2021-03-26,,Citgo,DBL-104,New York,34 - Ethanol (aka E-100),18000.0,0.0,27686470.0,,,,,2021,3,26
682,2021-03-26,,Gulf,Cape Gavi,St. John ,23 - Unleaded Gasoline,80000.0,0.0,27766470.0,,,,,2021,3,26
683,2021-03-28,,Citgo,Nor'easter,St. John ,28 - Premium Unleaded Gasoline,25000.0,0.0,27791470.0,,,,,2021,3,28
684,2021-03-28,,Citgo,Nor'easter,St. John ,29 - Diesel (aka ULSD),45000.0,0.0,27836470.0,,,,,2021,3,28
685,2021-03-28,,Citgo,Nor'easter,St. John ,23 - Unleaded Gasoline,96000.0,0.0,27932470.0,,,,,2021,3,28
686,2021-03-28,,Sprague,RTC-104,"Newington,NH","02 - #2 Fuel Oil (aka FO, MGO, DMA)",40000.0,0.0,27972470.0,,,,,2021,3,28
687,2021-03-29,,Sprague,RTC-104,"Newington,NH","02 - #2 Fuel Oil (aka FO, MGO, DMA)",40000.0,0.0,28012470.0,,,,,2021,3,29
688,2021-03-30,,Sprague,Fight ALS,New York,"02 - #2 Fuel Oil (aka FO, MGO, DMA)",15000.0,0.0,28027470.0,,,,,2021,3,30
689,2021-03-30,,Gulf,Fight ALS,New Jersey,29 - Diesel (aka ULSD),83000.0,0.0,28110470.0,,,,,2021,3,30
690,2021-03-31,,Buckeye,Acadian,St. John ,29 - Diesel (aka ULSD),45000.0,0.0,28155470.0,,,,,2021,3,31
691,2021-03-31,,Global,Palanca Rio,St. John ,41 - Asphalt,42000.0,0.0,28197470.0,,,,,2021,3,31
692,2021-03-31,,Buckeye,Acadian,St. John ,"02 - #2 Fuel Oil (aka FO, MGO, DMA)",45000.0,0.0,28242470.0,,,,,2021,3,31
693,2021-03-31,,Buckeye,Acadian,St. John ,23 - Unleaded Gasoline,85000.0,0.0,28327470.0,,,,,2021,3,31
694,2021-03-31,,Global,RTC-145,"Bayonne, NJ",01 - #1 Fuel Oil,25000.0,0.0,28352470.0,,,,,2021,3,31
695,2021-04-02,,Global,Hellas Califa,,"02 - #2 Fuel Oil (aka FO, MGO, DMA)",120000.0,0.0,28472470.0,,,,,2021,4,2
696,2021-04-02,,Global,New England,,06 - #6 Fuel Oil (aka IFO 380),2032.0,0.0,28474502.0,,,,,2021,4,2
697,2021-04-02,,Global,New England,,06 - #6 Fuel Oil (aka IFO 380),2032.0,0.0,28476534.0,,,,,2021,4,2
698,2021-04-06,,Citgo,DBL-104,"Boston, MA",34 - Ethanol (aka E-100),17000.0,0.0,28493534.0,,,,,2021,4,6
699,2021-04-06,,Buckeye,DBL-104,New York,34 - Ethanol (aka E-100),10000.0,0.0,28503534.0,,,,,2021,4,6
700,2021-04-06,,Sprague,Mt East Coast,St. John ,"02 - #2 Fuel Oil (aka FO, MGO, DMA)",45000.0,0.0,28548534.0,,,,,2021,4,6
701,2021-04-08,,Buckeye,Iver Prosperity,St. John ,29 - Diesel (aka ULSD),30000.0,0.0,28578534.0,,,,,2021,4,8
702,2021-04-08,,Citgo,Iver Prosperity,St. John ,23 - Unleaded Gasoline,65000.0,0.0,28643534.0,,,,,2021,4,8
703,2021-04-08,,Citgo,Iver Prosperity,St. John ,"02 - #2 Fuel Oil (aka FO, MGO, DMA)",20000.0,0.0,28663534.0,,,,,2021,4,8
704,2021-04-08,,Citgo,Iver Prosperity,St. John ,29 - Diesel (aka ULSD),30000.0,0.0,28693534.0,,,,,2021,4,8
705,2021-04-08,,Buckeye,Iver Prosperity,St. John ,23 - Unleaded Gasoline,40000.0,0.0,28733534.0,,,,,2021,4,8
706,2021-04-08,,Buckeye,Iver Prosperity,St. John ,23 - Unleaded Gasoline,35000.0,0.0,28768534.0,,,,,2021,4,8
707,2021-04-08,,Buckeye,Iver Prosperity,St. John ,"02 - #2 Fuel Oil (aka FO, MGO, DMA)",50000.0,0.0,28818534.0,,,,,2021,4,8
708,2021-04-12,,Gulf,Maersk Messina,New York,23 - Unleaded Gasoline,200000.0,0.0,29018534.0,,,,,2021,4,12
709,2021-04-13,,Gulf,RTC-150,"New Haven, CT",34 - Ethanol (aka E-100),33000.0,0.0,29051534.0,,,,,2021,4,13
710,2021-04-13,,Buckeye,Nor'easter,St. John ,"02 - #2 Fuel Oil (aka FO, MGO, DMA)",20000.0,0.0,29071534.0,,,,,2021,4,13
711,2021-04-13,,Buckeye,Nor'easter,St. John ,29 - Diesel (aka ULSD),25000.0,0.0,29096534.0,,,,,2021,4,13
712,2021-04-13,,Buckeye,Nor'easter,St. John ,23 - Unleaded Gasoline,94000.0,0.0,29190534.0,,,,,2021,4,13
713,2021-04-14,,Gulf,Nor'easter,St. John ,23 - Unleaded Gasoline,12000.0,0.0,29202534.0,,,,,2021,4,14
714,2021-04-16,,Citgo,New England,St. John ,28 - Premium Unleaded Gasoline,18000.0,0.0,29220534.0,,,,,2021,4,16
715,2021-04-16,,Citgo,New England,St. John ,23 - Unleaded Gasoline,90000.0,0.0,29310534.0,,,,,2021,4,16
716,2021-04-16,,Gulf,New England,St. John ,23 - Unleaded Gasoline,12000.0,0.0,29322534.0,,,,,2021,4,16
717,2021-04-23,,Citgo,New England,St. John ,23 - Unleaded Gasoline,76000.0,0.0,29398534.0,,,,,2021,4,23
718,2021-04-26,,Sprague,Penn 92,St. John ,88 - Other,18500.0,0.0,29417034.0,,,,,2021,4,26
719,2021-04-26,,Sprague,Penn 92,St. John ,41 - Asphalt,71000.0,0.0,29488034.0,,,,,2021,4,26
720,2021-04-26,,Global,New England,,06 - #6 Fuel Oil (aka IFO 380),2254.0,0.0,29490288.0,,,,,2021,4,26
721,2021-04-27,,Gulf,Nor'easter,St. John ,29 - Diesel (aka ULSD),60000.0,0.0,29550288.0,,,,,2021,4,27
722,2021-04-27,,Gulf,Nor'easter,St. John ,23 - Unleaded Gasoline,40000.0,0.0,29590288.0,,,,,2021,4,27
723,2021-04-28,,Buckeye,East Coast,St. John ,23 - Unleaded Gasoline,45000.0,0.0,29635288.0,,,,,2021,4,28
724,2021-04-28,,Buckeye,East Coast,St. John ,23 - Unleaded Gasoline,68000.0,0.0,29703288.0,,,,,2021,4,28
725,2021-04-28,,Buckeye,East Coast,St. John ,29 - Diesel (aka ULSD),25000.0,0.0,29728288.0,,,,,2021,4,28
726,2021-04-28,,Buckeye,East Coast,St. John ,"02 - #2 Fuel Oil (aka FO, MGO, DMA)",17000.0,0.0,29745288.0,,,,,2021,4,28
727,2021-04-28,,Citgo,East Coast,St. John ,28 - Premium Unleaded Gasoline,23000.0,0.0,29768288.0,,,,,2021,4,28
728,2021-04-28,,Citgo,East Coast,St. John ,23 - Unleaded Gasoline,60000.0,0.0,29828288.0,,,,,2021,4,28
729,2021-04-30,,Citgo,New England,St. John ,23 - Unleaded Gasoline,100000.0,0.0,29928288.0,,,,,2021,4,30
730,2021-04-30,,Citgo,New England,St. John ,29 - Diesel (aka ULSD),38000.0,0.0,29966288.0,,,,,2021,4,30
731,2021-04-30,,Buckeye,New England,St. John ,29 - Diesel (aka ULSD),47000.0,0.0,30013288.0,,,,,2021,4,30
732,2021-04-30,,Buckeye,New England,St. John ,23 - Unleaded Gasoline,35000.0,0.0,30048288.0,,,,,2021,4,30
733,2021-04-30,,Buckeye,New England,St. John ,23 - Unleaded Gasoline,45000.0,0.0,30093288.0,,,,,2021,4,30
734,2021-05-02,,Gulf,SCF USSURI,"New Haven, CT",23 - Unleaded Gasoline,130000.0,0.0,30223288.0,,,,,2021,5,2
735,2021-05-04,,Sprague,Nor'easter,St. John ,"02 - #2 Fuel Oil (aka FO, MGO, DMA)",25000.0,0.0,30248288.0,,,,,2021,5,4
736,2021-05-04,,Sprague,Nor'easter,St. John ,25 - Jet Fuel,35000.0,0.0,30283288.0,,,,,2021,5,4
737,2021-05-05,,Gulf,RTC-104,"New Haven, CT",34 - Ethanol (aka E-100),20000.0,0.0,30303288.0,,,,,2021,5,5
738,2021-05-06,,Citgo,DBL-140,New York,34 - Ethanol (aka E-100),15000.0,0.0,30318288.0,,,,,2021,5,6
739,2021-05-07,,Global,T/B Penn 92,St. John ,41 - Asphalt,34000.0,0.0,30352288.0,,,,,2021,5,7
740,2021-05-07,,Buckeye,DBL-104,New York,34 - Ethanol (aka E-100),10000.0,0.0,30362288.0,,,,,2021,5,7
741,2021-05-08,,Citgo,Iver Prosperity,"Portsmouth, NH",23 - Unleaded Gasoline,37000.0,0.0,30399288.0,,,,,2021,5,8
742,2021-05-09,,Citgo,Acadian,St. John ,23 - Unleaded Gasoline,71000.0,0.0,30470288.0,,,,,2021,5,9
743,2021-05-09,,Citgo,Acadian,St. John ,23 - Unleaded Gasoline,23000.0,0.0,30493288.0,,,,,2021,5,9
744,2021-05-09,,Gulf,Acadian,St. John ,23 - Unleaded Gasoline,12000.0,0.0,30505288.0,,,,,2021,5,9
745,2021-05-13,,Citgo,Acadian,St. John ,23 - Unleaded Gasoline,105000.0,0.0,30610288.0,,,,,2021,5,13
746,2021-05-13,,Buckeye,Acadian,St. John ,"02 - #2 Fuel Oil (aka FO, MGO, DMA)",8000.0,0.0,30618288.0,,,,,2021,5,13
747,2021-05-13,,Buckeye,Acadian,St. John ,29 - Diesel (aka ULSD),42000.0,0.0,30660288.0,,,,,2021,5,13
748,2021-05-13,,Buckeye,Acadian,St. John ,23 - Unleaded Gasoline,72000.0,0.0,30732288.0,,,,,2021,5,13
749,2021-05-13,,Buckeye,Acadian,St. John ,23 - Unleaded Gasoline,40000.0,0.0,30772288.0,,,,,2021,5,13
750,2021-05-14,,Citgo,DBL-140,New York,34 - Ethanol (aka E-100),10000.0,0.0,30782288.0,,,,,2021,5,14
751,2021-05-14,,Buckeye,DBL-140,New York,34 - Ethanol (aka E-100),10000.0,0.0,30792288.0,,,,,2021,5,14
752,2021-05-19,,Citgo,Acadian,St. John ,28 - Premium Unleaded Gasoline,20000.0,0.0,30812288.0,,,,,2021,5,19
753,2021-05-19,,Citgo,Acadian,St. John ,23 - Unleaded Gasoline,110000.0,0.0,30922288.0,,,,,2021,5,19
754,2021-05-20,,Portland Pipeline,Olympisky Prospect,,61 - Crude Oil,657243.0,0.0,31579531.0,,,,,2021,5,20
755,2021-05-20,,Citgo,Eva Leigh Cutler,New York,34 - Ethanol (aka E-100),26000.0,0.0,31605531.0,,,,,2021,5,20
756,2021-05-21,,Portland Pipeline,Olympisky Prospect,,61 - Crude Oil,658000.0,0.0,32263531.0,,,,,2021,5,21
757,2021-05-21,,Gulf,Nor'easter,St. John ,23 - Unleaded Gasoline,38000.0,0.0,32301531.0,,,,,2021,5,21
758,2021-05-25,,Citgo,New England,St. John ,29 - Diesel (aka ULSD),30000.0,0.0,32331531.0,,,,,2021,5,25
759,2021-05-25,,Citgo,New England,St. John ,"02 - #2 Fuel Oil (aka FO, MGO, DMA)",10000.0,0.0,32341531.0,,,,,2021,5,25
760,2021-05-25,,Citgo,New England,St. John ,23 - Unleaded Gasoline,111000.0,0.0,32452531.0,,,,,2021,5,25
761,2021-05-28,,Citgo,DBL-104,St. John ,34 - Ethanol (aka E-100),16000.0,0.0,32468531.0,,,,,2021,5,28
762,2021-05-28,,Buckeye,DBL-104,New York,34 - Ethanol (aka E-100),10000.0,0.0,32478531.0,,,,,2021,5,28
763,2021-05-29,,Citgo,New England,St. John ,29 - Diesel (aka ULSD),50000.0,0.0,32528531.0,,,,,2021,5,29
764,2021-05-29,,Citgo,New England,St. John ,23 - Unleaded Gasoline,65000.0,0.0,32593531.0,,,,,2021,5,29
765,2021-05-29,,Global,New England,,"02 - #2 Fuel Oil (aka FO, MGO, DMA)",1525.0,0.0,32595056.0,,,,,2021,5,29
766,2021-05-29,,Global,New England,,06 - #6 Fuel Oil (aka IFO 380),2371.0,0.0,32597427.0,,,,,2021,5,29
767,2021-05-30,,Global,New England,,"02 - #2 Fuel Oil (aka FO, MGO, DMA)",1016.0,0.0,32598443.0,,,,,2021,5,30
768,2021-05-30,,Global,New England,,06 - #6 Fuel Oil (aka IFO 380),4540.0,0.0,32602983.0,,,,,2021,5,30
769,2021-05-30,,Gulf,Aker Alos,"New Haven, CT",23 - Unleaded Gasoline,110000.0,0.0,32712983.0,,,,,2021,5,30
